id_abt,id_buy,label,pred_score,pred_label
34959,207383660,1,0.3333333333333333,1
33804,90125772,0,0.07692307692307693,0
36243,206678505,1,0.625,1
37010,204559210,0,0.0,0
35477,206359209,1,1.0,1
32664,209975310,1,0.2,0
37877,210401451,1,0.4166666666666667,1
33938,205144562,0,0.0,0
35010,208117938,1,0.4444444444444444,1
32059,205131849,1,0.2727272727272727,1
30939,208742932,0,0.047619047619047616,0
33510,202813304,0,0.0,0
36381,208893656,0,0.0,0
26615,208085175,0,0.07692307692307693,0
23864,204636071,1,0.07142857142857142,0
36507,208890876,0,0.0,0
25364,210251970,0,0.0,0
33640,206928606,1,0.3,1
38619,208226697,0,0.0,0
30338,206460113,1,0.625,1
35983,204679144,0,0.0,0
38782,208670548,0,0.08333333333333333,0
34001,210402579,0,0.0,0
16668,90148258,1,1.0,1
30158,204937142,1,0.3076923076923077,1
36295,203025446,0,0.0,0
28304,207643194,0,0.0,0
34496,207978102,1,0.5,1
36988,209253739,1,0.5,1
20450,201692660,1,0.14285714285714285,0
34003,204793355,0,0.0,0
31813,207533462,1,1.0,1
35431,207506251,1,0.45454545454545453,1
35186,201701865,0,0.0,0
37211,208295050,0,0.0,0
28033,207464920,0,0.0,0
33158,207338961,1,0.5454545454545454,1
18441,209002546,1,0.8333333333333334,1
32688,10377226,0,0.0,0
38003,207659192,0,0.0,0
33438,204292477,0,0.0,0
34130,207900174,1,0.625,1
34945,209114390,0,0.0,0
27719,203379237,1,0.3076923076923077,1
34941,207535265,0,0.0,0
34899,204053338,0,0.0,0
33280,204505951,0,0.0,0
38619,207660497,0,0.0,0
36029,209297152,0,0.0,0
25814,202973396,1,0.4444444444444444,1
30808,204345240,1,0.4,1
37211,207900178,0,0.0,0
36033,202067544,0,0.0,0
36020,208504304,0,0.0,0
33638,207659192,1,0.8333333333333334,1
36962,207899814,1,0.0,0
19141,90145586,1,0.75,1
34004,205753566,0,0.0,0
36454,208237793,1,0.5384615384615384,1
33209,208653765,1,0.625,1
28020,207465587,0,0.0,0
27857,204035273,1,0.5,1
24034,208156275,0,0.0,0
37211,206888012,0,0.0,0
33498,206928390,1,0.38461538461538464,1
34864,204559213,0,0.05263157894736842,0
34266,207900180,1,0.3333333333333333,1
31397,202870172,1,0.8,1
34878,207895085,1,0.35714285714285715,1
33045,203514304,1,0.23076923076923078,1
29338,202143947,1,0.625,1
33437,209310245,0,0.0,0
38486,209656959,0,0.06666666666666667,0
24346,208972043,1,0.5,1
32322,203405815,1,0.625,1
28951,207929461,0,0.0,0
32055,207514567,0,0.0,0
36811,203445879,0,0.05555555555555555,0
32340,205761530,1,0.625,1
23864,207469300,0,0.0,0
33477,208154551,1,0.8571428571428571,1
34905,204792886,0,0.0,0
24571,202537967,1,0.1875,0
36084,208226694,0,0.07142857142857142,0
4696,90049928,1,0.4,1
33273,206808432,1,0.5,1
17067,90140498,1,0.6666666666666666,1
29339,203888987,1,0.2857142857142857,1
33668,206917817,1,0.5,1
32022,204363358,1,0.2222222222222222,1
25858,202870184,1,0.21428571428571427,1
33582,207388758,1,0.4166666666666667,1
34854,209297157,1,0.35714285714285715,1
33671,206917816,1,0.6,1
38831,206928608,0,0.0,0
23246,90146847,1,0.4444444444444444,1
35022,202139765,0,0.0,0
36021,208177785,0,0.0,0
34349,207660498,1,0.5454545454545454,1
36299,208342524,1,0.36363636363636365,1
36824,209306028,1,0.5454545454545454,1
25905,202479418,1,0.23076923076923078,1
34836,207388759,0,0.0,0
17479,206808445,0,0.0,0
33831,50009858,0,0.0,0
30590,90138537,1,0.3333333333333333,1
38208,207390506,0,0.0,0
580,202812620,1,0.7777777777777778,1
34962,209301534,0,0.058823529411764705,0
35738,202900025,0,0.0,0
30939,205557540,1,0.3333333333333333,1
37202,209656959,1,1.0,1
27810,204563770,1,0.5,1
35153,204791586,0,0.0,0
36172,205809367,0,0.09090909090909091,0
30343,205121310,1,0.35,1
28180,202916534,1,0.7,1
38831,206725964,0,0.0,0
25814,208296017,0,0.0,0
23325,202456903,1,0.46153846153846156,1
31970,207391023,0,0.0,0
33569,207388757,1,0.375,1
33985,208504045,1,0.5,1
33985,206917816,0,0.0,0
37872,210190818,1,0.36363636363636365,1
34770,208342520,0,0.0,0
36607,204363358,0,0.0,0
9646,203111113,1,0.6666666666666666,1
34901,208294715,1,0.2222222222222222,1
36515,209687172,1,0.5555555555555556,1
33443,205592435,0,0.08333333333333333,0
36083,206362623,1,0.5,1
33263,204219387,0,0.0,0
34125,205567912,1,0.1111111111111111,0
30436,206419131,0,0.09090909090909091,0
38399,210479062,1,0.3333333333333333,1
38008,210227271,1,0.29411764705882354,1
33478,208154550,1,0.8571428571428571,1
25167,203340555,0,0.0,0
33643,206808434,0,0.0,0
38587,202845629,0,0.0,0
33021,206746475,0,0.0,0
34424,90111702,0,0.058823529411764705,0
25858,207642355,0,0.0,0
29493,208455791,0,0.0,0
16394,203111424,1,0.3,1
29880,208893656,0,0.0,0
22242,206888011,0,0.0,0
31970,206419131,1,0.7142857142857143,1
30158,207925431,0,0.0,0
38697,208930717,0,0.0,0
26310,203459314,1,0.2857142857142857,1
11801,206722262,1,0.3333333333333333,1
37589,209085184,1,0.18181818181818182,0
33863,205520997,0,0.0,0
19631,205106045,0,0.0,0
37110,206808430,0,0.16666666666666666,0
33161,206362747,0,0.0625,0
31273,203086857,1,0.6666666666666666,1
33630,208114675,0,0.0,0
17906,204274644,1,0.4,1
29228,204793090,1,0.0,0
36367,208464207,1,0.5,1
29273,208117929,0,0.0,0
18970,202045862,1,0.23076923076923078,1
33493,203154818,0,0.0,0
35519,208289950,1,0.7142857142857143,1
20532,210252184,0,0.0,0
35843,201935116,0,0.0,0
22187,204587803,1,0.29411764705882354,1
29880,207986293,0,0.0,0
34096,10382243,0,0.0,0
33476,208504178,1,0.8571428571428571,1
33612,207506250,1,0.4444444444444444,1
30533,205729817,1,0.4444444444444444,1
38813,209301534,1,0.36363636363636365,1
34119,208410812,0,0.0,0
33440,202486964,0,0.0,0
31373,207390180,0,0.0,0
33276,205865183,1,0.5555555555555556,1
16000,208226457,1,0.42857142857142855,1
33277,206808445,1,0.1,0
32488,206808445,0,0.07142857142857142,0
36097,208131008,1,0.4444444444444444,1
27391,208710844,0,0.0,0
30197,205593354,1,0.3076923076923077,1
37468,209310241,1,0.36363636363636365,1
17596,90139261,1,0.7,1
34553,206746475,0,0.0,0
33452,207667994,1,0.36363636363636365,1
30602,208111280,1,0.1875,0
29574,208270234,0,0.0,0
34751,206356233,0,0.0,0
34624,207934191,1,0.5714285714285714,1
33175,207542598,1,0.75,1
26930,203920144,1,0.6666666666666666,1
33467,208085175,0,0.0,0
38644,208344063,1,0.26666666666666666,1
15046,209891040,0,0.0,0
28971,204679144,1,0.6,1
33564,208504187,0,0.0,0
36270,208742932,1,0.23809523809523808,1
35305,207637793,1,0.3333333333333333,1
38106,202026554,1,0.9090909090909091,1
7783,206888012,0,0.0,0
38296,208791918,0,0.06666666666666667,0
33908,208111903,1,0.4,1
34904,201965217,0,0.0,0
34948,208114675,1,0.14285714285714285,0
10640,203024425,1,0.375,1
28980,204559211,1,0.7692307692307693,1
31414,204222915,1,0.4166666666666667,1
33600,208715747,0,0.0,0
33971,205888207,0,0.0,0
29273,202070807,1,0.8333333333333334,1
34490,207656388,1,0.5454545454545454,1
28978,204519849,1,0.25,1
37496,208156878,0,0.0,0
35186,207390502,0,0.0,0
32315,209934621,0,0.0,0
33160,205844265,0,0.0625,0
39088,207936135,0,0.0,0
30594,204939361,1,0.3333333333333333,1
29933,210256478,0,0.0,0
36001,208504423,1,0.5714285714285714,1
26241,203347464,0,0.0,0
37010,206362873,0,0.0,0
33664,205520997,1,0.8,1
35738,210435439,0,0.0,0
32431,206928744,0,0.0,0
31887,210254965,0,0.06666666666666667,0
32314,207509842,1,1.0,1
36029,208370418,0,0.0,0
38096,204292472,0,0.0,0
33564,207390673,0,0.0,0
17417,90120953,1,0.5,1
20458,209871973,0,0.1,0
22101,201953039,1,0.4166666666666667,1
34361,207900175,0,0.1,0
38574,209656961,0,0.0,0
34836,208653775,1,1.0,1
37497,204791643,0,0.0,0
32984,203934122,1,0.4,1
34905,202785722,0,0.0,0
37139,208893658,1,0.2916666666666667,1
27975,206928384,0,0.0,0
33220,207390682,0,0.09090909090909091,0
36808,204035273,0,0.0,0
32889,208085178,1,0.6666666666666666,1
36172,207907535,1,0.0,0
38129,208294904,0,0.0,0
26695,202479417,1,0.3333333333333333,1
35388,208294724,1,0.45454545454545453,1
38096,207391434,1,0.5714285714285714,1
38826,208190046,0,0.0,0
33669,206917815,1,0.5454545454545454,1
28138,204327516,1,0.25,1
34091,207686156,1,0.5454545454545454,1
33057,208033806,1,0.2222222222222222,1
36117,206901652,1,0.625,1
38466,206576716,1,0.625,1
20532,207506250,0,0.0,0
31992,204219387,0,0.0,0
32033,204465488,1,0.25,1
25857,202870177,1,0.15384615384615385,0
30196,205593367,1,0.3076923076923077,1
24921,207643190,0,0.06666666666666667,0
32395,207643194,0,0.0,0
15452,90136420,1,0.3,1
36309,208409785,1,0.15384615384615385,0
33922,205466519,0,0.0,0
33662,205521002,1,1.0,1
34156,210521551,0,0.0,0
19604,203025446,1,0.5,1
37052,209656955,0,0.0,0
24402,203897877,1,1.0,1
20454,208890876,0,0.0,0
32488,206179525,1,0.4,1
36023,202451162,1,0.8,1
33664,206812380,0,0.0,0
28433,210402319,0,0.0,0
35111,206928380,0,0.0,0
29612,203445879,0,0.0,0
29392,10315184,0,0.0,0
37150,208787116,0,0.0,0
26445,206928359,0,0.0,0
34309,208455893,1,0.6666666666666666,1
33998,208112354,1,1.0,1
34962,205886768,0,0.0,0
8060,90105056,1,0.25,1
27091,202870171,0,0.0,0
38474,210536123,0,0.0,0
33026,204230770,1,0.2,0
37477,90142591,0,0.0625,0
33600,207388755,1,0.4166666666666667,1
34065,202778315,0,0.07692307692307693,0
34998,207686035,0,0.0,0
34723,207666380,1,0.7272727272727273,1
14715,208456199,0,0.0,0
37078,210399915,1,0.36363636363636365,1
33765,208455897,1,0.625,1
37623,210252184,0,0.0,0
38784,204222897,1,0.38461538461538464,1
25111,203017912,1,0.2857142857142857,1
30841,205554287,1,0.25,1
32033,207659192,0,0.0,0
17220,90141074,1,0.2857142857142857,1
23349,50009858,1,0.5555555555555556,1
26082,204274660,1,0.8,1
38388,202870173,0,0.0,0
28205,204419878,1,0.25,1
20534,209114552,0,0.0,0
30159,209208719,0,0.0,0
37293,206808432,0,0.0,0
35231,208114686,1,0.25,1
33271,206808431,1,0.75,1
33566,208941079,0,0.0,0
34661,209896693,0,0.0,0
38278,206725964,1,0.6363636363636364,1
34126,10353206,0,0.0,0
37606,10353206,1,0.5,1
37462,210442348,0,0.0625,0
33510,205516750,1,0.13333333333333333,0
7195,90105458,1,0.25,1
35277,208085253,1,0.5,1
36258,210399746,0,0.0,0
33496,206160056,0,0.08333333333333333,0
36033,208184891,0,0.0,0
36962,207654105,0,0.0,0
29827,206901613,0,0.0,0
33377,205844282,0,0.0,0
37495,206887905,0,0.0,0
33522,207654106,1,0.5,1
35485,203142438,0,0.0,0
36197,207925440,1,0.36363636363636365,1
34959,204559213,0,0.0,0
37208,209656950,1,0.38461538461538464,1
18524,90145909,1,0.5,1
33801,207544265,1,0.2,0
22306,202291459,1,0.75,1
35905,208294698,0,0.0,0
38108,210462233,0,0.0,0
35872,207937885,1,0.5,1
34392,208342524,0,0.0,0
36077,207667994,0,0.0,0
29866,205664973,1,0.375,1
37878,210258465,1,0.4166666666666667,1
23635,202900002,1,0.6666666666666666,1
19358,206812380,0,0.0,0
9071,203024998,1,0.375,1
34136,207900171,1,0.4,1
33922,208410812,0,0.0,0
32027,209026634,0,0.0,0
36383,208226699,1,0.5833333333333334,1
23350,205557530,0,0.0,0
36308,209000385,1,0.5,1
6493,203017999,1,0.8,1
35925,202592699,1,0.5714285714285714,1
33630,207659194,1,0.5555555555555556,1
34926,204295637,0,0.0,0
22306,201953025,0,0.0,0
33477,202070807,0,0.0,0
20461,208186248,0,0.0,0
38343,210401458,0,0.0,0
36909,208186248,0,0.0,0
36161,205985717,0,0.0,0
30355,90114398,0,0.0,0
37231,208114664,0,0.0,0
30680,208504461,0,0.0,0
35010,207643194,0,0.0,0
37110,210227261,0,0.0,0
37150,208791918,1,0.6666666666666666,1
33496,206928384,1,0.38461538461538464,1
34548,208114670,0,0.0,0
38001,209871973,1,0.625,1
17872,90145561,1,0.7,1
24648,203491687,1,0.25,1
36811,207543188,0,0.07692307692307693,0
39054,208893667,0,0.0,0
37623,208809705,1,0.8,1
35186,208117919,1,0.25925925925925924,1
37287,208937533,1,0.3333333333333333,1
35183,208117920,1,0.2,0
34280,204679144,0,0.0,0
38773,210441166,1,0.5,1
33965,202537962,0,0.0,0
28225,205592439,1,0.3333333333333333,1
34963,208114682,1,0.7142857142857143,1
26930,10376165,0,0.05263157894736842,0
16668,209114551,0,0.0,0
37354,207390184,1,0.2727272727272727,1
30602,207895085,0,0.05263157894736842,0
34102,204345240,0,0.0,0
34476,206888012,1,0.21428571428571427,1
19676,205761530,0,0.0,0
27783,202293522,1,1.0,1
37123,208226700,0,0.0,0
37207,209656962,1,1.0,1
9314,201700823,0,0.0,0
33024,90049752,1,0.4,1
33536,203142438,0,0.05263157894736842,0
29825,206901652,0,0.0,0
35748,210399915,0,0.0,0
33439,206808441,0,0.0,0
31970,206812505,0,0.0,0
34009,210399915,0,0.07142857142857142,0
32055,210206538,1,0.5714285714285714,1
34126,10412590,0,0.0,0
33726,207993409,1,0.45454545454545453,1
14033,90105156,1,0.4444444444444444,1
28350,204206935,1,0.25,1
37120,205838157,0,0.058823529411764705,0
33298,208504179,0,0.0,0
33177,207390617,1,0.6666666666666666,1
34904,205599985,0,0.1,0
33601,202870170,0,0.0625,0
33639,206928608,1,0.5714285714285714,1
34728,206888001,0,0.0,0
32279,207390452,0,0.0,0
32579,10388980,1,0.625,1
19141,209208547,0,0.0,0
33938,208295050,0,0.0,0
33443,207390652,1,0.4444444444444444,1
31284,204049534,1,0.2631578947368421,1
17191,202041195,1,1.0,1
25788,203396327,1,0.6666666666666666,1
38550,201935116,0,0.0,0
33562,207542597,1,0.8571428571428571,1
38003,209656955,0,0.0,0
30951,205599984,1,0.6,1
38329,10363070,0,0.0,0
34378,202870174,0,0.0,0
34728,207534895,1,0.9090909090909091,1
26563,202125720,1,0.4,1
25036,202502745,1,0.42857142857142855,1
36142,207652056,0,0.0,0
29392,203022472,0,0.0,0
33490,207502093,1,0.4666666666666667,1
34218,208294712,1,0.29411764705882354,1
32906,208464207,0,0.0,0
38468,210435432,1,0.3076923076923077,1
25855,203884610,0,0.0,0
29339,207388760,0,0.1,0
26615,203329569,1,0.4166666666666667,1
37856,210252385,1,0.5,1
38733,208226694,0,0.05555555555555555,0
34998,208294727,0,0.0,0
34401,207660497,0,0.0,0
30058,209028436,1,0.16666666666666666,0
38777,204587960,1,0.25,1
37877,203388612,0,0.0,0
34424,207390452,1,0.6153846153846154,1
34557,207907559,1,0.09090909090909091,0
36305,209208661,0,0.0,0
8552,90138609,1,0.8571428571428571,1
24789,203017911,1,0.16666666666666666,0
34153,208344063,0,0.0,0
27501,210227261,0,0.0,0
20448,10377226,1,0.14285714285714285,0
37934,208710844,1,0.21739130434782608,1
35011,208117936,1,0.4444444444444444,1
37421,207536226,0,0.0,0
33275,206808430,1,0.75,1
34056,90128026,0,0.0,0
17479,90145972,1,0.5555555555555556,1
37201,209656971,1,0.4166666666666667,1
18837,207667994,0,0.0,0
36365,90141687,0,0.0,0
28500,203445749,1,0.875,1
33863,207391013,1,0.4,1
36308,209297200,0,0.0,0
31992,207935920,0,0.0,0
37196,205521002,0,0.0,0
25413,205844283,0,0.09090909090909091,0
37309,209901964,1,0.4444444444444444,1
37623,90144998,0,0.0,0
36249,208504437,1,0.5,1
29880,206728281,1,0.375,1
23246,204787802,1,0.625,1
25858,205593354,0,0.0,0
36502,209306029,1,0.21428571428571427,1
34379,208112355,1,0.625,1
33931,207391017,1,0.625,1
16758,204787744,0,0.0,0
13945,207544306,1,0.25,1
26891,204636071,0,0.0,0
33591,207388754,1,0.4166666666666667,1
38098,209026630,1,0.46153846153846156,1
21175,10412788,1,0.7777777777777778,1
14563,203388440,0,0.0,0
25413,209656956,0,0.0,0
36957,207390709,1,0.75,1
37646,209122918,1,0.5,1
35216,208294701,1,0.6666666666666666,1
23837,202635467,1,0.7142857142857143,1
38457,206671732,1,0.625,1
29758,208890628,0,0.0,0
20461,201692679,1,0.6666666666666666,1
37145,202870173,0,0.2222222222222222,1
36990,209253738,1,0.5,1
34096,208464825,0,0.0,0
28340,202515446,0,0.0,0
25776,90114631,1,0.5,1
33563,207388760,1,0.45454545454545453,1
38944,209871973,0,0.0,0
34657,207938488,1,0.2631578947368421,1
38735,203329570,1,0.5,1
38767,204154429,1,0.4166666666666667,1
33948,90139261,0,0.0,0
36364,208226700,1,0.5833333333333334,1
34065,207643194,1,0.36363636363636365,1
35190,209253739,0,0.0,0
33219,205562000,1,0.2857142857142857,1
30206,204222662,1,0.45454545454545453,1
33081,208085180,1,0.25,1
24825,207464939,0,0.0,0
35485,206901652,0,0.0,0
37308,209901965,1,0.4444444444444444,1
39090,208456185,0,0.0,0
37811,10363243,0,0.0,0
33537,202900030,0,0.0,0
36286,210227261,0,0.06666666666666667,0
35623,207514417,1,0.4166666666666667,1
29902,90132241,0,0.0,0
32027,210461432,1,0.07142857142857142,0
37606,201965217,0,0.0,0
22242,210441817,0,0.0,0
24034,209656955,0,0.0,0
35552,206928359,1,0.8571428571428571,1
37331,207686317,1,0.4,1
34899,204272122,0,0.0,0
36722,209656935,1,0.7777777777777778,1
25167,203324800,1,0.5714285714285714,1
37110,209114551,1,0.5555555555555556,1
29072,207900176,0,0.0,0
24693,209705774,0,0.0,0
33326,207390641,1,0.4166666666666667,1
33788,206615085,0,0.0,0
37477,207900177,0,0.0,0
38751,205865183,0,0.18181818181818182,0
30219,10388980,0,0.08333333333333333,0
37293,209245965,1,0.4,1
16741,201959840,1,0.8,1
35052,209297205,0,0.058823529411764705,0
34304,207927557,1,0.5454545454545454,1
30093,205467942,1,0.3,1
33962,207391022,1,0.25,1
34033,208294717,0,0.06666666666666667,0
37308,90049795,0,0.08333333333333333,0
37231,207514567,0,0.0,0
34282,10333368,0,0.0,0
30457,207390171,1,0.3,1
35045,208111279,0,0.0,0
38920,206870284,1,0.875,1
33496,203341506,0,0.0,0
34727,207666379,1,0.7272727272727273,1
33047,201692665,1,0.2,0
28190,205985717,0,0.0,0
36452,202451162,0,0.0,0
29829,207899814,0,0.0,0
35231,206870289,0,0.0,0
34021,203922244,0,0.0,0
24153,207514566,0,0.0,0
34815,208033806,1,0.09090909090909091,0
38507,206181767,1,0.8333333333333334,1
34089,207900175,1,0.36363636363636365,1
36456,208226692,1,0.5384615384615384,1
30134,206362873,1,0.36363636363636365,1
25749,202827715,1,0.6666666666666666,1
6284,90120953,0,0.0,0
35247,208893644,0,0.0,0
13580,90125772,1,0.5555555555555556,1
22101,207686035,0,0.0,0
38480,204647332,1,0.375,1
20532,90105654,1,0.7,1
38400,209208547,1,0.6666666666666666,1
33522,207986293,1,0.6363636363636364,1
36143,207907552,1,0.2,0
34944,208042977,1,0.42857142857142855,1
29865,202592699,0,0.0,0
36862,208342520,1,0.5454545454545454,1
35680,205466519,0,0.0,0
17094,203472622,0,0.0,0
30867,205554724,1,0.25,1
17417,90146847,0,0.0,0
38323,204791586,0,0.0,0
29865,205664972,1,0.35714285714285715,1
16329,202434158,0,0.0,0
33161,207390656,1,0.75,1
26930,203445879,1,0.375,1
32322,205852250,0,0.0,0
33053,208504396,0,0.0,0
35467,202916534,0,0.0,0
14061,203025423,1,0.6666666666666666,1
36118,203142471,1,0.5,1
36274,206870289,1,0.7777777777777778,1
34659,90049928,0,0.0,0
37231,209114390,1,0.625,1
38831,201854347,1,0.14285714285714285,0
33653,207391014,1,0.3888888888888889,1
36494,204549804,0,0.0,0
32882,210571462,0,0.0,0
30955,205852387,1,0.2222222222222222,1
31992,203952966,1,0.6923076923076923,1
17479,208456130,0,0.0,0
31392,205753566,1,0.5555555555555556,1
27985,204740191,1,0.5555555555555556,1
34719,209687172,0,0.25,1
33921,207925431,1,0.625,1
33508,207390655,0,0.07142857142857142,0
39090,208504394,1,0.42857142857142855,1
33273,207542599,0,0.0,0
37497,204740975,0,0.0,0
37354,208715855,0,0.0,0
32984,205817784,0,0.0,0
32395,210399743,0,0.0,0
38108,208456233,0,0.0,0
38876,206678505,0,0.047619047619047616,0
34941,208504307,1,0.5714285714285714,1
33758,207910212,1,0.7142857142857143,1
34454,208409785,0,0.0,0
33161,202784218,0,0.0,0
37652,210254965,1,0.2,0
31414,202900030,0,0.0,0
32005,202899998,1,0.625,1
37145,206722262,0,0.0,0
13202,210227282,0,0.08333333333333333,0
36864,210442350,1,0.5833333333333334,1
32875,203388612,0,0.0,0
34130,208114664,0,0.0,0
34657,204559210,0,0.0,0
35031,210647824,0,0.0,0
31887,206639246,1,0.5,1
29612,203389465,0,0.0,0
32874,203938179,0,0.0,0
17873,90145584,1,0.7,1
36124,208504429,1,0.3333333333333333,1
34880,207929461,1,0.46153846153846156,1
30159,202145734,0,0.0,0
30343,202900025,0,0.0,0
37404,209705778,1,0.23333333333333334,1
34092,210520736,1,0.45454545454545453,1
34227,209194241,0,0.0,0
33272,209273200,1,0.5,1
24153,202472204,0,0.0,0
37192,208893658,0,0.0,0
37558,205690063,1,0.2727272727272727,1
38452,208226470,1,1.0,1
34363,206892902,1,0.46153846153846156,1
38587,208937347,1,0.38461538461538464,1
34349,209026638,0,0.16666666666666666,0
33272,208504307,0,0.0,0
32584,206179562,1,0.7142857142857143,1
34258,206888011,1,0.26666666666666666,1
34278,207934190,1,0.5714285714285714,1
34725,207965387,0,0.0,0
29032,205145879,1,0.5555555555555556,1
36861,210442348,1,0.5833333333333334,1
33998,208688474,0,0.11538461538461539,0
32280,210254965,0,0.0,0
28433,203142438,1,0.8,1
34127,206576716,0,0.0,0
33053,10221960,1,0.4,1
25113,207910387,1,0.23076923076923078,1
30957,204465488,0,0.0,0
25855,205986339,1,0.5,1
33464,210245837,1,0.5,1
37808,204740188,1,0.8888888888888888,1
37495,206746475,1,0.23076923076923078,1
20454,208112355,0,0.0,0
30453,207390309,1,0.5454545454545454,1
29861,204792876,1,0.10344827586206896,0
28982,204559208,1,0.5833333333333334,1
34119,202812567,0,0.0,0
33499,207390652,0,0.0,0
23651,202479417,0,0.0,0
33485,90111702,0,0.0,0
34998,208079230,1,0.35714285714285715,1
38142,206928388,1,0.38461538461538464,1
29007,204792885,1,0.20833333333333334,1
7936,90104307,1,0.2857142857142857,1
28256,204563763,1,0.375,1
33508,206928380,1,0.36363636363636365,1
32628,203930685,0,0.0,0
34056,207682339,0,0.0,0
32416,205664913,1,0.5714285714285714,1
34747,210190818,0,0.0,0
30159,205865187,0,0.0,0
33586,207338890,1,0.625,1
25291,208117933,0,0.0,0
38587,207388756,0,0.0,0
25857,207682397,0,0.0,0
34021,207876534,0,0.047619047619047616,0
34002,209871973,0,0.08333333333333333,0
35853,208504422,0,0.0,0
33921,208937347,0,0.0,0
38800,207654105,1,0.5,1
36811,208930714,1,0.22580645161290322,1
6493,209871973,0,0.0,0
26059,203870569,1,0.5555555555555556,1
34747,203388440,1,0.5,1
35237,208809705,0,0.0,0
32889,203022202,0,0.1,0
25990,203915639,1,0.25,1
33924,208111904,1,0.625,1
25788,208043057,0,0.0,0
23965,203322272,1,0.25,1
38483,210259873,1,0.36363636363636365,1
29823,204792884,1,0.4,1
34002,208105467,1,0.3333333333333333,1
34304,90145560,0,0.125,0
36027,203396159,1,0.8,1
25797,208653775,0,0.0,0
33499,206725198,1,0.5,1
27188,204292472,1,0.3076923076923077,1
34770,207959798,1,0.2631578947368421,1
36053,203142471,0,0.0,0
38108,208893661,1,0.15384615384615385,0
36364,202813304,0,0.0,0
6726,203111433,1,1.0,1
34056,207643190,1,0.36363636363636365,1
38794,209704118,1,0.8,1
32653,205888207,1,0.6363636363636364,1
38704,207652056,0,0.0,0
27186,203017912,0,0.0,0
34751,209634135,0,0.03225806451612903,0
30594,207876534,0,0.0,0
26241,208456199,1,0.4166666666666667,1
36207,10363070,1,0.5714285714285714,1
37805,209085175,1,0.08333333333333333,0
38477,207388758,0,0.0,0
26082,207509842,0,0.0,0
36286,202592699,0,0.0,0
36151,207907558,1,0.07692307692307693,0
36789,208154854,1,0.25,1
33477,208504396,0,0.0,0
28175,204563949,0,0.0,0
33948,207391018,1,0.7142857142857143,1
30457,208177785,0,0.0,0
27137,204049780,1,0.25,1
33563,208114686,0,0.0,0
36023,204587960,0,0.1,0
16394,202106724,0,0.0,0
37310,209901966,1,0.25925925925925924,1
31881,205561996,0,0.0,0
37087,208941079,1,0.3,1
36962,208710842,0,0.0,0
36023,208226690,0,0.0,0
34286,207945552,1,0.45454545454545453,1
37810,210462233,1,0.4,1
30593,203024998,0,0.0,0
31392,206892248,0,0.0,0
33569,207383660,0,0.0,0
22212,90131741,1,0.5,1
33625,203065730,0,0.0,0
29758,201953029,1,0.4166666666666667,1
36454,90114631,0,0.0,0
29008,204792886,1,0.18518518518518517,0
14033,202479418,0,0.14285714285714285,0
14563,202870448,1,0.375,1
25857,208237795,0,0.0,0
16774,90139860,1,0.36363636363636365,1
36909,208289993,0,0.0,0
16112,202900041,1,0.42105263157894735,1
36021,208226693,1,0.35714285714285715,1
34719,207543188,1,0.6666666666666666,1
11338,208226470,0,0.0,0
37310,90049752,0,0.0,0
30355,206460124,1,1.0,1
35877,205466519,0,0.0,0
5644,208295050,0,0.1,0
33831,206928604,0,0.0,0
38640,203396327,0,0.0,0
32744,205844283,0,0.0,0
37311,208504045,0,0.0,0
34968,209297152,1,0.4444444444444444,1
28340,208456215,1,0.18181818181818182,0
26350,202537952,1,0.5714285714285714,1
34610,207543191,1,0.3333333333333333,1
33758,207910337,0,0.0,0
28256,208930722,0,0.029411764705882353,0
39088,207543198,0,0.08333333333333333,0
33625,207506253,1,0.5,1
32315,202592699,0,0.0,0
35525,207543201,1,0.6,1
36053,90141687,1,1.0,1
33581,202537969,0,0.07142857142857142,0
28980,209934620,0,0.0,0
35415,203405815,0,0.0,0
37192,10376165,0,0.0,0
32493,201953029,0,0.0,0
37196,209026634,0,0.0,0
11801,205769439,0,0.0,0
38587,207919773,0,0.0,0
36084,205664938,1,0.5,1
27391,204791643,1,0.375,1
32054,206901619,1,0.42857142857142855,1
38434,210227285,1,0.625,1
35983,206854534,1,0.5,1
35183,202067544,0,0.0,0
38486,205865187,1,0.875,1
31635,207390654,0,0.07692307692307693,0
30962,205599985,1,0.5,1
32877,204297424,1,0.6666666666666666,1
37039,208504461,1,0.2222222222222222,1
28963,207910337,0,0.0,0
30841,210227285,0,0.0,0
33999,207666382,0,0.07142857142857142,0
580,204226641,0,0.0,0
25732,203341506,1,0.625,1
38400,206460118,0,0.0,0
7783,204787744,0,0.0,0
14070,203162678,1,0.23076923076923078,1
34165,10376165,0,0.0,0
30591,204849801,1,0.5,1
36451,208237792,1,0.5384615384615384,1
29902,205144562,1,0.46153846153846156,1
38550,208296017,1,0.38461538461538464,1
37322,209307663,1,0.4444444444444444,1
29816,208455891,1,0.7142857142857143,1
34220,206725964,0,0.0,0
33431,207554111,0,0.0,0
30219,207910337,1,1.0,1
36077,207900176,1,0.5454545454545454,1
31014,210399819,0,0.0,0
36761,208453648,1,0.3333333333333333,1
33472,205777549,1,0.5,1
33640,207642166,0,0.0,0
33784,203025174,0,0.07142857142857142,0
26117,202537969,0,0.0,0
34130,202870177,0,0.0,0
35475,208670546,1,0.42857142857142855,1
34638,202916534,0,0.058823529411764705,0
28982,208456203,0,0.14285714285714285,0
38323,203379234,1,0.26666666666666666,1
34981,208504339,1,0.35714285714285715,1
9546,204053338,0,0.0,0
32315,205083968,1,0.6,1
37235,210256478,1,0.36363636363636365,1
30343,203201062,0,0.0,0
27091,203136113,1,0.2857142857142857,1
34947,208114673,1,0.125,0
35045,207986331,1,0.4,1
13954,208294724,0,0.1111111111111111,0
36999,206761808,1,0.6666666666666666,1
34824,207660497,0,0.0,0
21175,208656495,0,0.0,0
20466,207534895,0,0.0,0
26310,207543201,0,0.0,0
32561,207543193,0,0.0,0
19358,90144996,1,0.5,1
32625,201935171,1,0.21428571428571427,1
36812,210399819,1,0.23076923076923078,1
31881,205467942,0,0.0,0
36097,203023505,0,0.0,0
34960,208455896,1,0.6666666666666666,1
14563,203142471,0,0.0,0
33643,203407043,0,0.0,0
35853,208085175,1,0.375,1
34728,207554111,0,0.0,0
23097,202502745,0,0.0,0
25532,204264643,0,0.0,0
30939,202139744,0,0.0,0
33788,208112358,0,0.0,0
32560,207540310,1,0.4166666666666667,1
32563,210402579,0,0.0,0
39175,204822679,1,1.0,1
37045,208791919,1,0.23076923076923078,1
34174,203022202,0,0.0,0
27182,206481908,1,0.5714285714285714,1
28982,204020411,0,0.0,0
25797,204416098,1,0.5,1
37716,207899810,1,0.5,1
35843,207645242,1,1.0,1
35983,208154765,0,0.07142857142857142,0
32323,204222207,1,0.4,1
32187,210227261,0,0.0,0
33769,208504099,1,0.625,1
21182,202486964,1,0.5,1
25814,10140760,0,0.0,0
33908,206671732,0,0.0,0
28963,202106724,1,0.6666666666666666,1
34962,208114681,1,0.17647058823529413,0
25413,202143942,0,0.0,0
34119,206854534,0,0.0,0
34076,207959750,1,0.2222222222222222,1
37310,208117920,0,0.0,0
34301,206615080,1,0.875,1
37652,209310243,0,0.06666666666666667,0
34754,207543198,1,0.36363636363636365,1
16669,90140203,1,0.8333333333333334,1
36001,207390452,0,0.125,0
38767,204327516,0,0.0,0
23097,207652053,0,0.0,0
35034,208504369,1,0.4444444444444444,1
34156,207390656,0,0.07142857142857142,0
30575,207929461,0,0.0,0
35277,205835447,0,0.0,0
31635,10388980,0,0.0,0
21297,202070149,1,0.6,1
16309,203022472,1,0.6666666666666666,1
20447,203884610,0,0.0,0
34442,208455894,1,0.5,1
35384,208289993,1,0.3,1
33220,208653767,1,0.625,1
34004,207652055,1,0.3,1
37139,208787116,0,0.0,0
19132,202778315,1,0.75,1
30603,208111279,1,0.10526315789473684,0
34003,207637777,1,0.36363636363636365,1
35054,202784218,1,0.42857142857142855,1
38001,206888011,0,0.0,0
38388,210399777,1,0.4,1
35415,209253738,0,0.0,0
34697,206783262,1,0.75,1
34127,207390452,0,0.0,0
35905,203445879,0,0.0,0
36029,202785722,1,0.5,1
34880,205728900,0,0.0,0
35308,208270234,1,0.7142857142857143,1
36507,208939028,1,0.14285714285714285,0
31836,205844265,1,0.3,1
35810,10326220,1,0.25,1
34135,203022202,0,0.0,0
33645,206854534,0,0.0,0
10102,90106210,1,0.3333333333333333,1
33967,207391021,1,0.375,1
31881,203514371,1,0.42857142857142855,1
24386,203340101,1,0.25,1
35044,208464207,0,0.045454545454545456,0
33157,207390654,1,0.5454545454545454,1
38399,201959840,0,0.0,0
35663,207536226,1,0.3,1
36859,210399849,1,0.2857142857142857,1
34031,90049795,0,0.09090909090909091,0
29612,205106045,1,0.5,1
33612,204559208,0,0.125,0
30389,202813304,1,0.75,1
36988,90139585,0,0.06666666666666667,0
37162,209208718,1,0.6666666666666666,1
35680,208156276,1,0.75,1
34697,207907552,0,0.0,0
27137,204274660,0,0.07692307692307693,0
28256,203870569,0,0.0,0
38173,210441817,1,0.5,1
35183,208296017,0,0.0,0
36023,204080936,0,0.0,0
28059,209245958,0,0.08333333333333333,0
33276,204419878,0,0.0,0
34998,205729817,0,0.0,0
34174,205817784,1,0.7142857142857143,1
34016,207390655,0,0.0,0
30680,207390502,1,0.2222222222222222,1
37196,209656956,1,1.0,1
34092,208112358,0,0.0,0
38500,208787116,1,0.3,1
37187,209656951,1,1.0,1
37856,203900180,0,0.0,0
31954,206356233,1,0.6666666666666666,1
33478,209245958,0,0.09090909090909091,0
36969,203474227,1,0.2727272727272727,1
33726,207925440,0,0.0,0
37301,208456215,0,0.0,0
34829,207682340,1,0.5833333333333334,1
19631,202812646,1,0.2857142857142857,1
35012,203086405,0,0.0,0
37623,204587909,0,0.0,0
34905,208455897,0,0.1111111111111111,0
34370,207390706,1,0.6428571428571429,1
37145,208941080,1,0.2222222222222222,1
34036,208154551,0,0.07142857142857142,0
34934,208117929,1,0.5,1
36635,202537967,0,0.0,0
25318,202049393,1,0.4444444444444444,1
34624,208111903,0,0.0,0
36021,207642166,0,0.0,0
35201,204787802,0,0.0,0
34848,208117930,1,0.4444444444444444,1
33220,205554287,0,0.0,0
34708,205106048,0,0.0,0
34858,208294698,1,0.38461538461538464,1
27789,204292470,1,0.16666666666666666,0
37496,202985950,1,0.5,1
37722,207509842,0,0.0,0
35872,202784218,0,0.0,0
17191,203088013,0,0.0,0
26445,203407043,1,0.7,1
38640,209890560,1,0.5384615384615384,1
35282,207937987,1,0.5555555555555556,1
23097,202515446,1,0.25,1
33220,208939028,0,0.0,0
21047,10373002,1,0.5833333333333334,1
33493,206928744,1,0.625,1
37150,203308084,0,0.0,0
30708,205083947,1,0.5,1
36906,90104307,0,0.0,0
33566,207388752,1,0.45454545454545453,1
30533,206725198,0,0.0,0
36142,205664964,0,0.0,0
16003,208226458,1,0.5,1
20453,201692677,1,0.42857142857142855,1
33464,207945552,0,0.0,0
34552,208504187,1,0.4166666666666667,1
36097,204787744,0,0.0,0
33726,202989028,0,0.0,0
30134,208504437,0,0.0,0
28137,204254634,1,0.36363636363636365,1
27103,208504421,0,0.0,0
34395,206362749,1,0.46153846153846156,1
22382,210441817,0,0.0,0
34424,206928390,0,0.0,0
38451,205817166,1,0.25,1
34303,207900179,1,0.36363636363636365,1
38221,208111903,0,0.0,0
36620,208453646,1,0.3,1
32193,205809367,1,0.5,1
33219,208154551,0,0.0,0
32986,206179521,1,0.5714285714285714,1
34945,208114674,1,0.125,0
18837,203155653,1,0.375,1
32628,202456903,0,0.0,0
33804,206575951,1,0.3333333333333333,1
37360,202784323,1,0.2,0
34962,202812620,0,0.0,0
38327,207390671,1,0.6666666666666666,1
25364,203201060,1,0.5454545454545454,1
36607,205131849,0,0.0,0
27248,202045862,0,0.0,0
31992,202635701,0,0.0,0
35226,207900180,0,0.13636363636363635,0
38400,90125786,0,0.0,0
30389,205985719,0,0.0,0
25136,202900041,0,0.0,0
33273,206892248,0,0.0,0
32906,207390682,0,0.0,0
32228,202827713,0,0.0,0
25036,208114675,0,0.0,0
25167,207637793,0,0.0,0
25388,90145568,1,0.4,1
17873,202989028,0,0.058823529411764705,0
32112,206356230,1,0.75,1
38880,205561996,0,0.0,0
31337,204563770,0,0.0,0
33279,206808440,1,0.3333333333333333,1
38329,206362748,0,0.0,0
26346,207464920,0,0.07142857142857142,0
33601,204558176,1,0.25,1
36617,203087319,0,0.0,0
19676,90145560,1,0.5833333333333334,1
32653,90132241,0,0.0,0
29827,205664963,1,0.1875,0
30590,10379358,0,0.08333333333333333,0
34150,207514563,1,0.42857142857142855,1
38346,208167531,1,0.625,1
35591,207552185,0,0.043478260869565216,0
33159,206725196,1,0.625,1
36149,207907550,1,0.16666666666666666,0
36077,207390717,0,0.06666666666666667,0
38834,209310268,1,0.19047619047619047,0
36365,208226696,1,0.5833333333333334,1
34829,207910387,0,0.0,0
15046,209297200,1,0.3076923076923077,1
37405,208973561,1,0.625,1
37054,208941074,1,0.29411764705882354,1
37648,203389465,0,0.0,0
24493,202900030,1,0.2,0
32022,209253739,0,0.0,0
19604,204222662,0,0.0,0
23537,203069939,1,0.625,1
35748,210435439,1,0.5,1
36020,202472204,1,0.625,1
31635,206460118,1,0.2222222222222222,1
34661,90131741,0,0.0,0
34864,208294717,1,0.38461538461538464,1
29099,208504318,0,0.0,0
33569,207543197,0,0.07142857142857142,0
36446,208226698,1,0.5384615384615384,1
33967,208117933,0,0.0,0
27964,203136103,1,0.18181818181818182,0
26117,204348269,0,0.05555555555555555,0
36452,207660498,0,0.21428571428571427,1
28225,209253738,0,0.0,0
28978,209705773,0,0.0,0
38468,203407043,0,0.0,0
36022,208289990,0,0.0,0
16765,90137168,0,0.0,0
18567,208456203,1,0.18181818181818182,0
21047,207464939,0,0.0,0
8060,207652055,0,0.0,0
38474,10343605,1,0.5,1
33938,207934192,0,0.0,0
33161,205557530,0,0.0,0
24153,208715855,1,0.11764705882352941,0
34937,208114670,1,0.125,0
33271,203136103,0,0.0,0
28397,203087319,1,0.7142857142857143,1
37182,209705774,1,0.4166666666666667,1
31332,205761272,1,1.0,1
11801,208294724,0,0.0,0
27975,10360978,1,0.3076923076923077,1
21175,204389692,0,0.0,0
28366,204254738,1,0.5,1
30453,209656962,0,0.0,0
24789,205557540,0,0.0,0
32340,208504423,0,0.0,0
38129,210227261,1,0.8571428571428571,1
35012,207642355,1,0.5555555555555556,1
38733,207979206,1,1.0,1
35877,204020411,1,0.5,1
32880,205106048,1,0.6,1
25813,202973389,1,0.36363636363636365,1
33998,205777541,0,0.0,0
35035,202472204,0,0.0,0
34263,207897315,1,0.36363636363636365,1
26622,203201062,1,0.75,1
33643,206928605,1,0.3,1
22382,90131941,1,0.7,1
37915,207465595,1,0.4444444444444444,1
37201,206460124,0,0.0,0
34135,207900170,1,0.45454545454545453,1
35415,206827757,1,0.46153846153846156,1
38781,207920831,1,0.2727272727272727,1
34747,210435432,0,0.0,0
36450,205664913,0,0.06666666666666667,0
25291,205986339,0,0.0,0
37964,209310243,1,0.5555555555555556,1
36456,207900170,0,0.0,0
17653,10382243,1,0.09090909090909091,0
33595,208409750,0,0.0,0
33883,208177785,1,0.5,1
17873,205690063,0,0.06666666666666667,0
18087,203150909,1,0.2,0
33532,10412590,0,0.0,0
33057,209656961,0,0.0,0
33645,206928607,1,0.16666666666666666,0
36452,209208655,1,0.3076923076923077,1
33263,208105573,1,0.3333333333333333,1
37825,205505156,1,0.75,1
33536,206898357,1,0.21428571428571427,1
32431,202827677,1,0.15789473684210525,0
29228,207907559,0,0.09090909090909091,0
36083,203897877,0,0.0,0
24693,203087681,1,0.5714285714285714,1
35218,207899810,0,0.0,0
38781,203379234,0,0.0,0
38127,90106172,0,0.0,0
36361,205844282,0,0.07142857142857142,0
35194,208504297,1,0.5833333333333334,1
20532,203884610,0,0.0,0
23006,204787746,1,0.125,0
35853,206917817,0,0.0,0
13581,90125786,1,0.5,1
38483,90132241,0,0.0,0
33175,203017911,0,0.0,0
32395,206745972,1,0.21052631578947367,1
34102,205886768,1,0.23529411764705882,1
38164,202827677,0,0.0,0
32280,202515446,0,0.0,0
35431,204884519,0,0.0,0
13701,90108521,1,0.36363636363636365,1
37052,208941076,1,0.23529411764705882,1
36789,208117932,0,0.0,0
36097,205838157,1,0.1875,0
28982,208455894,0,0.0,0
27479,10351869,1,0.625,1
38653,210571462,1,0.15384615384615385,0
26861,203388612,1,0.4166666666666667,1
27739,204644752,1,0.5,1
38574,208792604,0,0.09090909090909091,0
33638,208226698,0,0.0,0
23350,50012447,1,0.26666666666666666,1
37767,204588748,1,0.8571428571428571,1
37403,209705777,1,0.28,1
28148,203131413,1,0.25,1
36169,205691190,1,0.21428571428571427,1
34303,207543190,0,0.0,0
17067,201965217,0,0.0,0
28149,203514305,0,0.0,0
34280,207900177,1,0.36363636363636365,1
28650,203131635,1,0.36363636363636365,1
37495,208117918,0,0.0,0
34007,207660497,1,0.36363636363636365,1
27186,204292477,1,0.1724137931034483,0
34659,208504191,1,0.3333333333333333,1
33522,202900002,0,0.08333333333333333,0
29464,209656961,0,0.0,0
31014,205777541,1,0.5555555555555556,1
28256,208289993,0,0.2222222222222222,1
26525,202900227,0,0.0,0
34401,208456262,1,0.5833333333333334,1
38127,209720586,1,0.36363636363636365,1
32405,203938179,1,1.0,1
34031,207910213,1,0.5,1
20458,201953021,1,0.8571428571428571,1
35306,207543196,1,0.8,1
36022,209026638,0,0.0,0
34158,210521551,0,0.0,0
34926,208117932,1,0.5,1
27248,10246269,1,0.6666666666666666,1
23097,207910214,0,0.0,0
33971,207391020,1,0.375,1
36260,10316920,1,0.625,1
33453,208504429,0,0.08333333333333333,0
33453,207876535,1,0.36363636363636365,1
28175,204318286,1,0.36363636363636365,1
37722,210401458,1,0.8333333333333334,1
35237,207686035,1,0.375,1
33972,204556588,1,1.0,1
38876,210634625,1,0.2727272727272727,1
36260,207654105,0,0.0,0
19631,208294701,0,0.0,0
31014,208464825,0,0.0,0
26350,208167531,0,0.0,0
37181,209705773,1,0.4166666666666667,1
30590,207543201,0,0.16666666666666666,0
37499,90145561,0,0.0,0
34553,204793356,1,0.8333333333333334,1
36168,208171630,1,0.4,1
33493,202870184,0,0.0,0
29825,205664966,1,0.625,1
32358,208295050,1,0.2857142857142857,1
33788,209393872,0,0.0,0
32561,207338879,1,0.8571428571428571,1
34899,207959814,1,0.6666666666666666,1
37235,207391018,0,0.0,0
33763,208112356,1,0.4444444444444444,1
35903,202045875,0,0.0,0
38920,207543190,0,0.0,0
27194,204318283,1,0.45454545454545453,1
37010,202592699,0,0.0,0
39038,208893656,0,0.0,0
33472,209896109,0,0.0,0
18564,208653765,0,0.0,0
23006,202456880,1,0.5714285714285714,1
22558,10412590,1,0.6666666666666666,1
18040,203151779,1,0.2222222222222222,1
34725,207666381,1,0.7272727272727273,1
34001,209297154,1,0.5,1
34286,209687172,0,0.0,0
6284,202812567,1,0.09090909090909091,0
25749,202861078,0,0.0,0
37716,202049393,0,0.0,0
19141,208455897,0,0.0,0
34282,207514566,1,0.42857142857142855,1
33784,10316920,0,0.0,0
29880,204222662,0,0.0,0
18516,208226457,0,0.1,0
38324,208941080,0,0.0,0
38449,206576717,1,0.5714285714285714,1
37183,208114683,0,0.0,0
39054,208226689,0,0.0,0
29464,204793355,1,0.2857142857142857,1
31020,205835447,1,0.2857142857142857,1
30808,202899626,0,0.0,0
27194,206362747,0,0.0,0
25732,209656935,0,0.0,0
35694,208184891,1,0.6666666666666666,1
32563,206615085,1,0.875,1
33467,209890796,0,0.0,0
22727,202619749,1,0.4444444444444444,1
23296,201647442,1,0.3,1
34007,207900174,0,0.07142857142857142,0
34095,207653548,1,0.36363636363636365,1
34976,208504300,1,0.625,1
18960,202067544,1,0.5,1
35175,208117922,1,0.058823529411764705,0
31830,205557539,1,0.625,1
28190,208464837,1,0.875,1
33999,208112358,1,0.5714285714285714,1
32034,10333368,1,0.5555555555555556,1
37257,209208719,1,0.6,1
29892,208715736,1,0.2727272727272727,1
32279,205985717,1,0.2,0
32546,202003159,1,1.0,1
29338,208033486,0,0.0,0
24825,202900025,1,0.35714285714285715,1
33723,206356234,1,0.5454545454545454,1
38296,210647824,1,0.6363636363636364,1
28033,204448530,1,0.3333333333333333,1
35905,204238996,1,0.5,1
37803,204264643,0,0.0,0
38640,206901652,0,0.0,0
34899,208410812,0,0.0,0
37648,209122921,1,0.5,1
27778,205844282,1,0.5714285714285714,1
38473,205985717,0,0.0,0
24368,206901619,0,0.0,0
34007,204791643,0,0.0,0
5644,203151776,0,0.07692307692307693,0
34021,207652056,1,0.36363636363636365,1
39038,204348269,1,0.42857142857142855,1
34928,208117931,1,0.5,1
20448,90145568,0,0.0,0
34093,207660499,1,0.36363636363636365,1
32055,203142438,0,0.0,0
32688,208033808,1,0.2222222222222222,1
38173,10373002,0,0.0,0
28304,203405814,1,0.8,1
28190,207552185,0,0.0,0
22798,202143942,1,0.2727272727272727,1
6493,208117930,0,0.0,0
6742,202845629,1,0.375,1
34708,208186248,1,0.5555555555555556,1
10101,208033806,0,0.0,0
23635,210520736,0,0.0,0
29677,204884519,1,0.23076923076923078,1
36811,206462228,0,0.0,0
33298,206526266,1,0.625,1
29861,210520736,0,0.0,0
33786,206783256,0,0.0,0
34220,209869342,1,0.35714285714285715,1
33488,209297205,0,0.0,0
28397,207652053,0,0.0,0
32017,202916547,1,1.0,1
22100,201953026,1,0.4666666666666667,1
13213,203025617,1,1.0,1
30585,204206934,1,0.45454545454545453,1
18516,202045875,1,0.23076923076923078,1
37803,207875395,1,0.8,1
25902,202479411,1,0.3333333333333333,1
36029,208504045,0,0.0,0
30206,90114398,0,0.0,0
31337,203884610,1,0.5714285714285714,1
28149,203131412,1,0.42857142857142855,1
38880,210634626,1,0.36363636363636365,1
37142,209194241,1,0.21739130434782608,1
21267,203087865,1,0.5,1
19628,202778257,1,0.5,1
29072,203396159,0,0.0,0
30962,202049393,0,0.0,0
37807,207682397,1,0.9,1
30196,203888987,0,0.0,0
36022,208226697,1,0.35714285714285715,1
24615,203340555,1,0.23076923076923078,1
28979,204559213,1,0.5454545454545454,1
26563,209705778,0,0.030303030303030304,0
37091,207390618,1,0.625,1
38784,204345240,0,0.0,0
34637,209934620,1,0.46153846153846156,1
36295,204587971,0,0.0,0
32875,202870173,1,0.3333333333333333,1
37145,210461432,0,0.0,0
37811,209245960,1,0.6666666666666666,1
35334,208504396,1,0.4166666666666667,1
36027,205599984,0,0.1,0
29820,202882380,1,0.4444444444444444,1
33581,207388759,1,0.4166666666666667,1
24572,202537969,1,0.23076923076923078,1
34648,207919773,1,0.5,1
17906,202785722,0,0.0,0
34848,201953025,0,0.0,0
33488,204792886,0,0.0,0
20447,90128026,1,0.5714285714285714,1
37150,202104453,0,0.0,0
33298,202026554,0,0.0,0
33908,202045875,0,0.0625,0
36556,207338890,0,0.0,0
34883,208893644,1,0.2222222222222222,1
36458,208237795,1,0.5384615384615384,1
33713,206812380,1,0.5555555555555556,1
36345,204407682,1,0.26666666666666666,1
22187,205144562,0,0.0,0
36494,204740975,1,0.4166666666666667,1
6742,210267015,0,0.0,0
34895,203379250,0,0.0,0
20534,203022202,1,0.18181818181818182,0
36990,201692665,0,0.045454545454545456,0
25532,208280406,1,0.2727272727272727,1
28981,204559214,1,0.5454545454545454,1
36988,208156879,0,0.0,0
30591,203915639,0,0.0,0
25950,202870170,1,0.7,1
25905,202985950,0,0.08333333333333333,0
20466,201692695,1,0.6666666666666666,1
34961,201701865,0,0.0,0
36367,209302310,0,0.0,0
33431,207390644,1,0.5714285714285714,1
33938,208464825,1,0.5454545454545454,1
36143,10221960,0,0.0,0
34256,204587803,0,0.0,0
38477,10011646,1,0.5714285714285714,1
35519,208930714,0,0.0,0
27407,201959840,0,0.0,0
26615,209687172,0,0.0,0
34393,201701865,0,0.0,0
23651,202784323,1,0.3333333333333333,1
28971,203405815,0,0.0,0
34156,208289997,1,0.36363636363636365,1
33271,210399777,0,0.09090909090909091,0
35800,208504190,1,0.25,1
36718,208930723,1,0.2608695652173913,1
27479,208504045,0,0.0,0
35218,204230770,0,0.0,0
11338,209656950,0,0.0,0
33493,205761272,0,0.0,0
29304,206901618,1,0.2,0
33159,202473822,0,0.0,0
28963,90140166,0,0.0,0
33045,207900175,0,0.0,0
24368,202899996,1,0.7142857142857143,1
9546,208294904,1,0.7142857142857143,1
34136,207897840,0,0.0,0
38324,209393521,1,0.35714285714285715,1
25813,207536225,0,0.0,0
22042,202238311,1,0.3333333333333333,1
38726,202479417,0,0.043478260869565216,0
32187,209896109,1,0.6363636363636364,1
28978,208453648,0,0.0,0
34135,205521002,0,0.0,0
27793,204292473,1,0.38461538461538464,1
17094,203151930,1,0.2,0
24921,203340806,1,0.5555555555555556,1
38492,206725966,1,0.8,1
32744,204787746,0,0.0,0
33444,208504045,0,0.0,0
33790,205691190,0,0.06666666666666667,0
33496,208117930,0,0.0,0
38726,210520736,0,0.05555555555555555,0
38640,204559210,0,0.0,0
37142,203888987,0,0.0,0
14061,208085178,0,0.0,0
23686,10333848,1,0.7142857142857143,1
33438,207390650,1,0.4444444444444444,1
29072,208456130,1,0.2,0
26117,204587909,1,0.35714285714285715,1
33458,210401450,1,0.25,1
32990,206812505,1,0.5714285714285714,1
36118,207660498,0,0.0,0
10101,90106172,1,0.3,1
9314,90138520,1,0.6,1
30808,208294701,0,0.0,0
33478,208409750,0,0.09090909090909091,0
33997,207390717,1,0.625,1
33653,207544265,0,0.0,0
37539,202143942,0,0.0,0
29827,205844283,0,0.0,0
28554,204443417,1,0.5,1
34300,207543192,1,0.3333333333333333,1
34897,208504421,1,0.38461538461538464,1
32625,201935116,1,0.45454545454545453,1
37796,210239335,1,0.6666666666666666,1
34894,208504340,1,0.38461538461538464,1
33444,207667995,1,0.3076923076923077,1
29338,208342520,0,0.0,0
33581,203379250,0,0.0,0
36635,208409750,1,0.5,1
36718,210479062,0,0.0,0
35552,202870174,0,0.7142857142857143,1
33971,208042911,0,0.0,0
28397,208043057,0,0.0,0
27779,205844283,1,0.4444444444444444,1
27920,206725724,1,0.8571428571428571,1
35900,208190046,1,0.5,1
38106,202619749,0,0.0,0
30436,204563949,0,0.0,0
35851,206462228,1,0.75,1
36803,207469300,1,0.8571428571428571,1
37457,209026634,1,0.4,1
35309,208504378,1,0.2,0
37150,208504339,0,0.0625,0
35153,206887905,1,0.36363636363636365,1
34905,207514568,1,0.6,1
37211,203407043,0,0.0,0
37811,204318286,0,0.034482758620689655,0
32512,207464939,0,0.0,0
20532,10343605,0,0.0,0
37893,90106172,0,0.0,0
38873,208791919,0,0.0,0
36117,205986339,0,0.0,0
34135,207907558,0,0.07142857142857142,0
25364,10140760,0,0.0,0
36264,207900171,0,0.0,0
27778,207959814,0,0.18181818181818182,0
36243,207527632,0,0.0,0
35031,207978102,0,0.0,0
33662,207390502,0,0.0,0
34000,202916534,0,0.0,0
18441,201699873,0,0.0,0
38003,210404123,1,0.625,1
23097,202635701,1,0.375,1
37231,204222897,0,0.0,0
30575,209297205,1,0.2727272727272727,1
24572,207910212,0,0.0,0
36361,208226689,1,0.5833333333333334,1
34901,206460121,0,0.0,0
38455,202104453,1,1.0,1
19672,203088013,1,0.25,1
21554,204549804,0,0.0,0
36052,90142591,1,0.46153846153846156,1
32323,205728900,0,0.0,0
37211,209310260,1,0.45454545454545453,1
38480,207666380,0,0.0,0
32744,206928359,0,0.0,0
33769,208117932,0,0.0,0
33788,207543197,1,0.375,1
35431,209026638,0,0.23529411764705882,1
31924,206356232,1,0.8571428571428571,1
33278,206808441,1,0.3333333333333333,1
26929,203651765,1,0.5909090909090909,1
6742,205554724,0,0.0,0
34227,210521551,1,0.3,1
37477,209634135,1,0.25,1
37045,201953029,0,0.0,0
35987,207464939,1,0.3,1
34003,208167531,0,0.0,0
37803,208112356,0,0.0,0
31373,201692679,0,0.0,0
33488,208154765,1,0.8571428571428571,1
19204,203389382,1,0.18181818181818182,0
34165,206460121,0,0.0,0
36620,208453648,0,0.18181818181818182,0
38231,201744288,1,0.46153846153846156,1
33950,208456233,1,0.3333333333333333,1
25550,202827713,1,0.5833333333333334,1
38221,203343197,1,1.0,1
19631,202026554,0,0.0,0
38522,210267015,1,0.36363636363636365,1
34791,203024425,0,0.0,0
38296,209208547,0,0.0,0
29231,202515446,0,0.0,0
28059,205592435,1,0.3333333333333333,1
15452,202785722,0,0.0,0
34624,207465587,0,0.0,0
29612,208456262,0,0.0,0
34033,203491687,0,0.0,0
32628,207554111,1,0.5,1
34609,207543190,1,0.5,1
26805,210634625,0,0.0,0
36022,204792886,0,0.0,0
6493,10316920,0,0.0,0
32280,205985719,1,0.3333333333333333,1
38173,207388758,0,0.06666666666666667,0
33801,208112354,0,0.0,0
20454,201692648,1,0.42857142857142855,1
24789,207543193,0,0.0,0
33485,202827684,0,0.0,0
37650,209122924,1,0.5,1
19112,90148541,1,0.7142857142857143,1
7195,208941076,0,0.0,0
27729,203379250,1,0.1111111111111111,0
27186,206917814,0,0.0,0
32384,209310243,0,0.0,0
22042,208117918,0,0.0,0
23350,204222897,0,0.0,0
16309,206362749,0,0.0,0
13700,90111702,1,0.36363636363636365,1
33784,207538225,1,0.8888888888888888,1
26805,203900180,1,0.38461538461538464,1
20466,208294904,0,0.0,0
28272,206160056,1,0.5,1
38343,207935920,1,0.36363636363636365,1
35738,208688474,1,0.25,1
35033,208156877,1,0.3076923076923077,1
38751,204389692,1,0.45454545454545453,1
34895,208504345,1,0.38461538461538464,1
34860,206728281,0,0.0,0
25670,203379237,0,0.0,0
28971,202293522,0,0.0,0
32416,202139765,0,0.0,0
39176,209656935,0,0.0,0
34309,209253739,0,0.0,0
35498,90144998,1,0.375,1
35851,204416098,0,0.0,0
39039,210490135,1,0.3,1
7783,202900227,1,0.8,1
36381,207388756,0,0.0,0
34548,207907555,1,0.0,0
38813,203199121,0,0.0,0
33443,207934191,0,0.09090909090909091,0
13202,207937885,0,0.0,0
21268,206725964,0,0.0,0
38511,210460676,1,0.5555555555555556,1
20459,201953025,1,0.8571428571428571,1
36123,208504432,1,0.3333333333333333,1
34770,204559209,0,0.0,0
35983,204556588,0,0.0,0
26615,204154429,0,0.0,0
36127,210402579,1,0.7142857142857143,1
33437,208226458,0,0.0,0
38001,209310248,0,0.07142857142857142,0
34496,207986293,0,0.0,0
34465,209890796,1,0.42857142857142855,1
33440,206887905,0,0.0,0
35044,208504370,1,0.4444444444444444,1
33327,208464828,1,0.38461538461538464,1
34033,207390665,1,0.7272727272727273,1
34791,204736197,1,0.7777777777777778,1
27771,202592070,1,0.375,1
28951,203166120,0,0.0,0
34260,207390507,1,0.5,1
29133,206887553,1,0.375,1
22940,203472622,1,0.38461538461538464,1
35693,208184892,1,0.5,1
24402,208890876,0,0.0,0
28951,209307663,0,0.0,0
38640,207900174,0,0.0,0
33883,210251970,0,0.11764705882352941,0
34966,207965387,1,0.5,1
22042,202145734,1,0.6666666666666666,1
29880,204465488,0,0.0,0
33790,210252356,1,0.7142857142857143,1
20534,208033806,0,0.09090909090909091,0
27589,204264643,1,0.2777777777777778,1
38939,204823067,1,0.6,1
27965,209122924,0,0.0,0
36705,209297205,0,0.0,0
21875,201700823,1,0.3333333333333333,1
33908,207391013,0,0.041666666666666664,0
36161,208171631,1,0.4,1
37045,203166120,0,0.0,0
34848,208370418,0,0.0,0
36430,208226690,1,0.5384615384615384,1
38468,204219387,0,0.0,0
37310,208079230,0,0.0,0
35247,208504407,1,0.36363636363636365,1
27407,203930685,1,0.6,1
36295,90128026,1,0.18181818181818182,0
34036,207390682,1,0.5,1
35052,209634135,0,0.03125,0
35666,208289990,1,0.625,1
38345,208890628,1,0.8571428571428571,1
27783,209656959,0,0.0,0
34136,208456233,0,0.0,0
35201,208504318,1,0.5384615384615384,1
38449,10353206,0,0.0,0
37010,207390682,0,0.0,0
36993,206928378,1,0.7142857142857143,1
34969,206460124,0,0.0,0
9314,209310248,0,0.0,0
30134,208809705,0,0.0,0
38796,209310279,1,0.75,1
34056,210634626,0,0.0,0
33150,208105630,1,0.2222222222222222,1
32384,202989028,1,0.4444444444444444,1
34165,206928452,1,0.75,1
37964,207945552,0,0.0,0
33493,208294724,0,0.0,0
34119,207514567,1,0.6,1
33455,208033955,1,0.3333333333333333,1
29880,204226641,0,0.0,0
25829,202827684,1,0.5833333333333334,1
35226,209869989,1,0.35714285714285715,1
30591,207390652,0,0.0,0
36260,202784323,0,0.0,0
18564,208715747,1,0.08333333333333333,0
34751,207543189,1,0.6,1
20534,208226693,0,0.0,0
25262,207900174,0,0.0,0
38208,207900343,0,0.0,0
33377,10346525,1,0.5714285714285714,1
34253,206887992,1,0.25,1
39088,205074757,1,0.5555555555555556,1
36789,203131635,0,0.05555555555555555,0
24034,50017228,1,0.16666666666666666,0
28397,204345240,0,0.0,0
33157,207637793,0,0.06666666666666667,0
37202,206928607,0,0.0,0
31596,203459314,0,0.0,0
35810,203514304,0,0.13333333333333333,0
7195,207536226,0,0.0,0
38826,208294970,1,0.5555555555555556,1
35851,90137168,0,0.0,0
37964,206854534,0,0.0,0
34548,207383660,0,0.0,0
34904,208294927,1,0.625,1
36556,209891040,1,0.3076923076923077,1
33971,209656949,0,0.0,0
24937,203324914,1,0.6363636363636364,1
16329,210521578,1,0.3333333333333333,1
33670,90132241,0,0.0,0
31596,204587971,1,0.25,1
32226,205985716,1,0.1875,0
31392,205986339,0,0.0,0
33864,207936135,1,0.5714285714285714,1
34012,207642166,1,0.36363636363636365,1
38619,208941080,0,0.0,0
27103,202985803,1,0.38461538461538464,1
36746,208930717,1,0.5454545454545454,1
29902,206917814,0,0.07142857142857142,0
39054,207390496,1,0.4117647058823529,1
37340,208890876,1,0.25,1
29933,10382243,0,0.0,0
36458,206678505,0,0.045454545454545456,0
17372,205554287,0,0.0,0
32340,206808440,0,0.0,0
34130,207652053,1,0.3076923076923077,1
39176,10380060,1,0.625,1
21554,206460121,1,0.2222222222222222,1
37187,209208663,0,0.0,0
20453,208177785,0,0.0,0
35662,202916547,0,0.0,0
33922,206808441,0,0.0,0
34640,206120294,1,0.6666666666666666,1
33595,207388756,1,0.4166666666666667,1
33439,207464920,1,0.5555555555555556,1
26137,204272122,1,0.38461538461538464,1
13155,90109367,1,0.3,1
36515,202985806,0,0.0,0
28980,209656950,0,0.0,0
26346,202537962,1,0.2,0
37531,204226641,1,0.6666666666666666,1
36033,202861078,1,0.625,1
22729,202473822,1,0.3333333333333333,1
16758,90137168,1,0.6666666666666666,1
30593,204860316,1,0.4166666666666667,1
35519,207682340,0,0.0,0
36264,207543190,0,0.0,0
36931,208370418,1,0.625,1
36388,207907550,0,0.0,0
34638,209934621,1,0.26666666666666666,1
37183,202472204,0,0.0,0
33972,202070807,0,0.0,0
22242,203198950,1,0.2727272727272727,1
33440,208930722,0,0.0,0
22382,208893644,0,0.0,0
30058,203322272,0,0.0,0
37120,209114551,1,0.4,1
33922,207925432,1,0.625,1
34036,204558176,0,0.0,0
31374,208455792,1,0.45454545454545453,1
33581,208930714,0,0.025,0
16669,203131412,0,0.0,0
38474,207535170,0,0.0,0
28340,90106210,0,0.0,0
35662,207535170,1,0.3,1
19358,210566840,0,0.0,0
36080,207900178,1,0.36363636363636365,1
36274,208653767,0,0.0,0
16394,203151930,0,0.0,0
18564,210399818,0,0.0,0
37174,209208663,1,0.875,1
34009,207595882,1,0.36363636363636365,1
34961,208114683,1,0.23529411764705882,1
33488,207642166,0,0.0,0
34747,90140203,0,0.0,0
29806,202755491,1,0.42857142857142855,1
38388,210252356,0,0.07692307692307693,0
36383,207937885,0,0.0,0
37123,209114552,1,0.7777777777777778,1
14715,203021705,1,0.2727272727272727,1
9071,204345240,0,0.0,0
35332,208504422,1,0.4166666666666667,1
34442,209114575,0,0.0,0
29906,202139744,1,0.2727272727272727,1
36299,208085180,0,0.0,0
37183,209656949,1,0.4166666666666667,1
5644,203023505,1,0.42857142857142855,1
35024,208156876,1,0.08333333333333333,0
38108,208930723,0,0.125,0
35800,206783256,0,0.0,0
36124,203474227,0,0.0,0
35190,208117918,1,0.5,1
28951,206722263,1,0.3,1
23325,204787744,1,0.18181818181818182,0
30203,208156275,1,0.3076923076923077,1
36169,90145444,1,0.1,0
37469,209310248,1,0.25,1
38329,210227282,1,0.15384615384615385,0
38944,201965217,1,0.2727272727272727,1
37052,204559211,0,0.0,0
34496,90146847,0,0.0,0
36906,208656495,1,0.4444444444444444,1
37749,210399743,1,0.3333333333333333,1
37893,208937534,1,0.6666666666666666,1
34880,201701865,0,0.0,0
36077,208043057,0,0.0,0
25262,10315184,1,0.25,1
24937,208504345,0,0.0,0
25413,90049795,1,0.42857142857142855,1
35415,208941076,0,0.0,0
22798,208280406,0,0.0,0
28020,204734549,1,0.6666666666666666,1
34624,203407045,0,0.0,0
32893,208085182,1,0.5,1
32150,207390506,1,0.21428571428571427,1
38782,210566840,1,0.4444444444444444,1
34393,206362748,1,0.46153846153846156,1
37210,209656961,1,0.38461538461538464,1
34661,208294716,1,0.3333333333333333,1
6493,202486964,0,0.0,0
33966,205561996,1,0.2857142857142857,1
33532,202434158,0,0.0,0
33765,205728900,0,0.0,0
29829,205664964,1,0.25,1
34125,203165921,1,0.25,1
36789,10333846,0,0.0,0
10640,208270234,0,0.0,0
33382,207910214,1,0.4166666666666667,1
31273,210401451,0,0.0,0
35277,206671732,0,0.0,0
17187,202041204,1,0.5,1
37207,202143947,0,0.0,0
35185,208504304,1,0.7142857142857143,1
37192,209656955,1,1.0,1
34089,90125772,0,0.07142857142857142,0
37257,208504429,0,0.0,0
32027,206460113,0,0.0,0
33690,207391431,1,0.5714285714285714,1
38208,207527632,1,0.4444444444444444,1
36796,208154853,1,0.16666666666666666,0
38697,206892248,1,0.9090909090909091,1
32630,207554111,1,0.6666666666666666,1
34904,204559210,0,0.0,0
36637,205728900,1,0.6666666666666666,1
36258,10376165,1,0.4,1
34969,208294720,1,0.29411764705882354,1
35467,201699873,1,0.5454545454545454,1
23347,50012453,1,0.5,1
18970,206808432,0,0.0,0
36450,209393872,1,0.35714285714285715,1
35060,207653535,1,0.23076923076923078,1
33670,206917814,1,0.5454545454545454,1
13954,90128649,1,1.0,1
34724,207666382,1,0.7272727272727273,1
36286,208791921,1,0.5,1
33936,208156877,0,0.0,0
38399,208937347,0,0.05555555555555555,0
38873,210399907,1,0.4166666666666667,1
33537,204020411,0,0.0,0
29574,204559209,1,0.6363636363636364,1
36507,210190784,0,0.0,0
38142,208226470,0,0.0,0
37462,209026638,1,0.42857142857142855,1
34662,203379249,0,0.0,0
35218,207536225,1,0.3,1
34595,203199121,1,0.625,1
33157,207959798,0,0.0,0
27364,204791586,1,0.8333333333333334,1
29238,50009858,0,0.0,0
37421,209896693,1,0.45454545454545453,1
13580,208117926,0,0.0,0
34860,208114664,1,0.14285714285714285,0
33327,207910337,0,0.0,0
34662,208294722,1,0.3333333333333333,1
22940,207338961,0,0.0,0
34559,207907557,1,0.0,0
36142,207907548,1,0.09090909090909091,0
34151,209199789,0,0.0,0
30957,210227285,0,0.0,0
39179,10365096,1,0.7142857142857143,1
21268,203086405,1,0.4,1
38214,206356230,0,0.0,0
23325,207390184,0,0.0,0
36859,204679144,0,0.07142857142857142,0
36102,90139585,1,0.42857142857142855,1
36388,208226694,1,0.5833333333333334,1
24316,204569292,1,0.5833333333333334,1
27501,203928709,1,0.7142857142857143,1
34881,208112358,0,0.07692307692307693,0
33485,208792604,1,1.0,1
36617,208453643,1,0.3,1
38826,209310268,0,0.0,0
37499,208043057,1,0.5,1
33044,203514305,1,0.21428571428571427,1
31030,205557530,1,0.7142857142857143,1
33467,207542599,1,0.5714285714285714,1
24034,90128026,0,0.07692307692307693,0
38434,204389692,0,0.0,0
33653,203142438,0,0.0,0
38550,203154818,0,0.0,0
26695,207464921,0,0.0,0
34096,207642358,1,0.36363636363636365,1
34878,207907535,0,0.0,0
552,90132241,1,0.75,1
34153,207465587,1,0.5,1
25291,203308084,1,0.3333333333333333,1
38486,204647332,0,0.0,0
31970,202456880,0,0.0,0
17372,10363243,1,0.5714285714285714,1
34095,208226470,0,0.0,0
23658,203065730,1,0.5,1
33053,209310268,0,0.0,0
34666,207876534,1,0.4,1
36861,208167531,0,0.0,0
35031,208156878,1,0.3076923076923077,1
34378,207543196,0,0.0,0
31596,203343197,0,0.06666666666666667,0
18202,203347464,1,0.2,0
33209,207390171,0,0.09090909090909091,0
36367,208670548,0,0.0,0
30436,204505951,1,0.625,1
33053,204791586,0,0.0,0
35925,205074375,1,0.5,1
35153,203162678,0,0.0,0
37254,209199789,1,0.5555555555555556,1
32877,202537952,0,0.0,0
29392,204295637,1,0.25,1
26461,200924629,1,0.8571428571428571,1
18202,204559214,0,0.0,0
26350,202870184,0,0.0,0
34454,207390180,1,0.18181818181818182,0
34093,205777541,0,0.0,0
22382,90138520,0,0.0,0
27197,204318288,1,0.391304347826087,1
35111,201701865,1,0.25,1
26059,208114672,0,0.0,0
37539,208670548,1,0.6666666666666666,1
33564,208504179,1,0.8333333333333334,1
36029,202635701,0,0.0,0
33955,207391023,1,0.25,1
38781,203065730,0,0.0,0
33472,207900170,0,0.0,0
33471,208294727,1,1.0,1
36607,209891039,1,0.2857142857142857,1
35165,208117924,1,0.11764705882352941,0
36906,208791919,0,0.0,0
21267,207910212,0,0.0,0
34969,206827757,0,0.0,0
28304,204297424,0,0.0,0
38704,209700735,0,0.0,0
35201,203136102,0,0.0,0
33440,202827677,0,0.0,0
33443,202870173,0,0.0,0
36471,209208661,1,0.5454545454545454,1
28971,204558176,0,0.0,0
32906,203324965,1,0.18181818181818182,0
19141,202291459,0,0.16666666666666666,0
29099,204222472,1,0.625,1
33476,10315184,0,0.0,0
37808,206928605,0,0.0,0
37474,209310245,1,0.25,1
28366,90106210,0,0.0,0
34363,209869989,0,0.0,0
38214,210399746,1,0.35714285714285715,1
24368,204292473,0,0.0,0
9312,90114398,1,0.75,1
25262,204559211,0,0.0,0
34791,203185276,1,0.5555555555555556,1
26891,202870174,1,0.5714285714285714,1
580,204563770,0,0.0,0
33831,207552185,1,0.3333333333333333,1
31374,203340806,0,0.0,0
30533,207464939,0,0.09090909090909091,0
34966,208156876,0,0.0,0
37796,208294727,0,0.0,0
36305,202899626,1,0.625,1
35851,207552185,0,0.0,0
38296,209934620,0,0.058823529411764705,0
26346,209871973,0,0.0,0
34000,207934192,1,0.5714285714285714,1
34946,208114672,1,0.125,0
36722,207682340,0,0.058823529411764705,0
37162,205664964,0,0.0,0
30957,202046565,1,1.0,1
34126,203166120,1,0.25,1
35485,206901613,1,0.15384615384615385,0
33924,207534895,0,0.0,0
32878,204219387,1,0.8333333333333334,1
31273,207938488,0,0.0,0
34880,207899810,0,0.0,0
36172,203111424,0,0.0,0
38388,208294717,0,0.0,0
38473,10333846,1,0.5,1
27853,202985798,1,0.5,1
34253,90136420,0,0.0,0
37859,210399745,1,0.7142857142857143,1
33160,207390655,1,0.5454545454545454,1
23519,208890628,0,0.0,0
16765,204569335,1,0.6666666666666666,1
35853,202812567,0,0.0,0
38806,210536123,1,0.3,1
26695,203459314,0,0.0,0
37010,210399855,1,0.5,1
34009,205083968,0,0.0,0
39090,208294701,0,0.0,0
33767,208112357,1,0.625,1
31956,206356229,1,0.5,1
24571,204292473,0,0.0,0
38798,204230770,0,0.0,0
29029,204679142,1,0.3,1
33595,202900041,0,0.038461538461538464,0
34000,204254634,0,0.08333333333333333,0
38550,210252184,0,0.0,0
34127,203165922,1,0.25,1
27783,210402319,0,0.0,0
33437,207464919,1,0.625,1
17873,207509842,0,0.0,0
35022,208117925,1,0.18181818181818182,0
35530,210252184,1,0.6666666666666666,1
35332,205844282,0,0.0,0
35052,207897840,1,0.23076923076923078,1
38735,205777549,0,0.0,0
34065,208409750,0,0.07692307692307693,0
11338,90140166,1,0.7142857142857143,1
38957,207535265,1,0.5555555555555556,1
13945,204679142,0,0.0,0
36243,208117922,0,0.05,0
30093,207900179,0,0.0,0
36988,90140203,0,0.0,0
33021,203154818,1,0.375,1
30533,209085175,0,0.0,0
30594,208084021,0,0.0,0
37078,90138609,0,0.0,0
33537,206898358,1,0.4444444444444444,1
37404,204206935,0,0.11764705882352941,0
28067,203922244,1,1.0,1
35877,209307663,0,0.0,0
35035,208156879,1,0.2857142857142857,1
27857,207554111,0,0.0,0
36746,205691190,0,0.05555555555555555,0
33637,207391015,1,0.35,1
29823,206725724,0,0.0,0
29272,203900792,1,0.21428571428571427,1
37091,203136103,0,0.0,0
35014,202827677,0,0.0,0
35276,208084021,1,0.5,1
9355,203151776,1,0.0,0
38693,208710842,1,0.21739130434782608,1
35334,206928608,0,0.0,0
36124,208033486,0,0.0,0
36381,208226695,1,0.5833333333333334,1
35990,204049431,1,0.15384615384615385,0
36151,207390617,0,0.07142857142857142,0
34378,210402319,1,0.3076923076923077,1
30957,202784218,0,0.0,0
32744,204832843,1,0.5,1
32512,205466519,1,0.8888888888888888,1
37686,208893667,1,0.6666666666666666,1
34158,206895864,1,0.375,1
13996,203025174,1,0.3333333333333333,1
23965,206725966,0,0.0,0
38726,204080936,1,0.26666666666666666,1
35925,205986339,0,0.0,0
37198,209656957,1,1.0,1
29950,204559210,1,0.42857142857142855,1
25990,208464207,0,0.0,0
38323,207986331,0,0.0,0
35666,210435432,0,0.0,0
35219,208504334,1,0.5384615384615384,1
34961,207464920,0,0.0,0
26929,207907557,0,0.0,0
34174,206761808,0,0.0,0
34218,207907559,0,0.07692307692307693,0
19112,204264643,0,0.0,0
33280,206808434,1,0.75,1
7936,209253738,0,0.0,0
37331,203086405,0,0.0,0
33053,207391015,0,0.0,0
37311,209901963,1,0.25925925925925924,1
34476,207910337,0,0.0,0
21989,204274645,1,0.4,1
35019,208117926,1,0.09090909090909091,0
38475,10140760,1,0.375,1
38619,202985806,1,0.5555555555555556,1
37497,208410812,1,0.5555555555555556,1
35738,208453646,0,0.0,0
25670,203389465,1,0.5555555555555556,1
38106,202870171,0,0.0,0
33272,208670548,0,0.125,0
37686,202870174,0,0.0,0
34033,206460121,0,0.0,0
25670,90138520,0,0.0,0
36080,204644752,0,0.0,0
34278,207959798,0,0.0,0
36123,207929461,0,0.0,0
31596,10346525,0,0.0,0
33522,203921172,0,0.0,0
35591,208171946,1,0.46153846153846156,1
34881,208294718,1,0.45454545454545453,1
31014,202125720,0,0.0,0
29902,205665803,1,0.09090909090909091,0
35014,208117937,1,0.4,1
34836,208154551,0,0.16666666666666666,0
32315,208344063,0,0.05,0
23519,208456185,1,0.1875,0
31813,207934191,0,0.0,0
23519,207539418,0,0.0,0
34831,207682339,1,0.5833333333333334,1
30343,207338879,0,0.1111111111111111,0
31032,207388758,0,0.0,0
25857,205985718,0,0.0,0
30867,206575951,0,0.0,0
26444,208791921,0,0.0,0
37187,208112356,0,0.0,0
36556,208289997,0,0.0,0
38522,202070807,0,0.0,0
36001,207934192,0,0.1,0
38574,207391014,0,0.0,0
37181,205690063,0,0.07692307692307693,0
36061,208791922,1,0.42857142857142855,1
37141,209194240,1,0.5294117647058824,1
36808,208171631,0,0.0,0
24693,90106172,0,0.0,0
28554,205865183,0,0.0,0
36305,208117937,0,0.0,0
38295,210258472,1,0.5833333333333334,1
34092,207679756,1,0.5454545454545454,1
37196,207390655,0,0.0,0
23246,204206935,0,0.0,0
17187,207642355,0,0.0,0
32874,202870171,1,0.42857142857142855,1
27840,203379249,1,0.2631578947368421,1
30734,207907430,1,0.2,0
37907,210227260,1,0.4166666666666667,1
37187,210206538,0,0.0,0
37893,210441817,0,0.0,0
34361,207642497,1,0.13043478260869565,0
29231,204206936,1,0.4166666666666667,1
34151,206854516,1,0.8,1
31032,210251970,1,0.35714285714285715,1
34256,206888001,1,0.2857142857142857,1
19112,206854516,0,0.0,0
35903,205769439,1,0.75,1
33280,202456903,0,0.0,0
32882,204563949,1,0.3,1
38773,202635701,0,0.0,0
35011,208154550,0,0.0,0
37812,209245958,1,0.6666666666666666,1
33220,208893656,0,0.0,0
34298,207543193,1,0.3333333333333333,1
36264,209000383,1,0.5,1
38324,203086857,0,0.0,0
32876,204053338,1,0.3333333333333333,1
17220,208226695,0,0.0,0
13580,204318286,0,0.034482758620689655,0
33965,206780877,1,0.7777777777777778,1
33717,206928604,1,0.3333333333333333,1
38831,208289990,0,0.0,0
33786,206854515,1,0.8,1
38798,208464825,0,0.0,0
34280,207464921,0,0.0,0
38704,206746475,0,0.0,0
36033,204295637,0,0.0,0
29829,208344063,0,0.0,0
35552,90139585,0,0.0,0
16877,202434158,1,0.3333333333333333,1
20466,206892248,0,0.0,0
31020,202973389,0,0.0,0
35981,207539418,1,0.5555555555555556,1
36636,206783256,1,0.6666666666666666,1
36816,208893656,1,0.25,1
38704,209114575,1,0.6666666666666666,1
34392,206362747,1,0.46153846153846156,1
36808,210399818,1,0.3,1
32228,205985718,1,0.3,1
27965,203136102,1,0.2,0
25364,209208718,0,0.0,0
34154,207390673,1,0.5,1
37301,209302310,1,0.4444444444444444,1
38164,209700735,1,0.6666666666666666,1
18564,203131412,0,0.07692307692307693,0
33532,204071217,1,0.2727272727272727,1
32493,203324970,1,0.625,1
38474,207544265,0,0.0,0
31373,208455791,1,0.3333333333333333,1
34127,202143942,0,0.0,0
33175,204587803,0,0.0,0
26444,203407045,1,0.4444444444444444,1
21267,207536226,0,0.06666666666666667,0
34947,205567912,0,0.0,0
26617,201692705,1,0.7142857142857143,1
37055,208941075,1,0.2777777777777778,1
38473,209871973,0,0.0,0
35276,202045862,0,0.06666666666666667,0
24346,207920831,0,0.0,0
25670,204230770,0,0.0,0
17906,206722262,0,0.0,0
29493,204549804,1,0.45454545454545453,1
26615,210227260,0,0.0,0
30159,208033486,1,0.2857142857142857,1
39175,208295050,0,0.0,0
37462,90049795,0,0.0,0
34927,208117933,1,0.4444444444444444,1
23519,208294724,0,0.0,0
34901,204274645,0,0.0,0
23686,209208661,0,0.0,0
35018,207900343,1,0.5,1
26525,203921172,1,0.7142857142857143,1
37301,206887553,0,0.0,0
34016,208042911,1,0.4166666666666667,1
34076,207390654,0,0.0,0
29933,202139765,1,0.18181818181818182,0
33440,207464921,1,0.625,1
36909,208656497,1,0.4444444444444444,1
13202,10379358,1,0.6666666666666666,1
34824,207390710,1,0.5384615384615384,1
35334,206783262,0,0.0,0
29238,204206937,1,0.45454545454545453,1
35022,206362747,0,0.06666666666666667,0
36808,203131635,0,0.0,0
36705,208930722,1,0.16129032258064516,0
30951,203087865,0,0.0,0
25136,203087638,1,0.5555555555555556,1
33582,206462228,0,0.0,0
34963,210442350,0,0.0,0
38798,205852250,1,0.625,1
35052,206917814,0,0.0,0
33936,207391019,1,0.7142857142857143,1
32322,206576716,0,0.0,0
38511,207465595,0,0.08333333333333333,0
31176,205844279,1,0.46153846153846156,1
37856,205520997,0,0.0,0
35810,209026638,0,0.0,0
38574,210190784,1,0.10714285714285714,0
