id,title,manufacturer_shown,true_manufacturer,is_mislabeled,raw_response,llm_pred_mislabeled
b000i3ec9y,zonealarm anti-spyware,zone labs,zone labs,0,CORRECT,0
b000ndicze,adobe contribute cs3 [mac],humongous entertainment,adobe,1,INCORRECT,1
b0001wn18u,microsoft excel 2004 (mac),feral interactive,microsoft,1,INCORRECT,1
b000922dwc,zonealarm firewall pro 5 (free upgrade to new version),zone labs,zone labs,0,CORRECT,0
b000qgixde,the guild 2 - pirates of the seas,dreamcatcher interactive,dreamcatcher interactive,0,CORRECT,0
b0009jearq,photoedit 2 (mac),software cinema,macware,1,CORRECT,0
b000kehnvu,symc backup exec aofo 11d win advanced open file option,symantec,symantec,0,CORRECT,0
b000frttvy,kaspersky anti-virus 6.0,steinberg (yamaha),kaspersky lab,1,INCORRECT,1
b000o27ti0,adobe creative suite cs3 design standard upgrade,adobe,adobe,0,CORRECT,0
b000nkfee4,finale songwriter 2007,finale,finale,0,CORRECT,0
b0002e3lpk,pc cakewalk guitar tracks pro 3,informatics,cakewalk,1,INCORRECT,1
b000100eg4,netgear vpn01l vpn client software,jian inc.,netgear,1,INCORRECT,1
b000bgpqos,instant immersion japanese deluxe 2.0,global software publ na,topics entertainment,1,CORRECT,0
b000exw51k,registry mechanic 5.x pc system repair,netmanage,pc tools,1,INCORRECT,1
b000jjrwas,diskeeper 2007 professional single lic pack,adobe systems inc,diskeeper corporation,1,INCORRECT,1
b000i8od5w,acrobat professional 8 (windows),adaptec,adobe,1,INCORRECT,1
b00083grii,quickstart photo montage studio,topics education,selectsoft publishing,1,CORRECT,0
b000162zp6,emedia intermediate guitar method os x,emedia,emedia,0,CORRECT,0
b00024yohy,mastercook deluxe low carb,final draft,valusoft,1,INCORRECT,1
b0002b0qfg,imsi resume writer deluxe [lb],imsi design,imsi design,0,CORRECT,0
b000b6vlh4,reference success deluxe 2006,sierra online,topics entertainment,1,INCORRECT,1
b000ehs6ic,roxio popcorn 2 (mac),roxio,roxio,0,CORRECT,0
b000flcn40,encyclopedia of our living oceans,dk multimedia,dk multimedia,0,CORRECT,0
b0000c7fpt,reel deal casino shuffle master edition,belight software,phantom efx,1,INCORRECT,1
b00099qrok,autodesk discreet combustion 4 ( windows ),ncsoft,autodesk,1,INCORRECT,1
b0001ym04e,unreal tournament 2004 ( dvd-rom ),knowledge adventure,atari,1,INCORRECT,1
b0007d8eq2,crystal reports xi developer,business objects,business objects,0,CORRECT,0
b0002735fi,adobe solution expert support,finale,adobe,1,INCORRECT,1
b0007r7e7i,allegro 2005,me too software,makemusic!,1,INCORRECT,1
b000ra778g,wheel of fortune deluxe,encore,encore,0,CORRECT,0
b0007lw22g,apple ilife '06 (mac dvd) [older version],apple computer,apple computer,0,CORRECT,0
b000ndib96,adobe illustrator cs3 upgrade [mac],adobe,adobe,0,CORRECT,0
b0008glgrm,apple garageband jam pack: symphony orchestra,apple,apple,0,CORRECT,0
b000kg86b4,mediapilot kit,cosmi corporation,susteen,1,CORRECT,0
b000hi1i6u,axis & allies (jewel case),panicware,encore,1,INCORRECT,1
b0001bg5gq,clip art and more 250 000 (jewel case),imsi design,imsi design,0,CORRECT,0
b0006oei8u,atari arcade classics (mac),stompsoft inc.,macsoft,1,INCORRECT,1
b000h20hu4,family tree maker version 16 deluxe,write brothers,encore,1,INCORRECT,1
b000hlp5w0,fate,encore,encore,0,INCORRECT,1
b000in18nm,professional training for vegas 7 and dvd architect 4 sw,cisco systems - enterprise,sony pictures digital entertainment,1,INCORRECT,1
b000hbys5k,quickbooks simple start 2007,intuit,intuit,0,CORRECT,0
b000ndic40,adobe indesign cs3 upgrade from pagemaker,mobi technologies inc.,adobe,1,INCORRECT,1
b000nkpf7u,spongebob squarepants typing 2008 win/mac,vivendi,encore software,1,CORRECT,0
b000dn7k8y,corel wordperfect office x3 professional edition,corel,corel,0,CORRECT,0
b000mrnc9m,taxcut home & bus +state + sage includes act 8.0 & peachtree 2007,h&r block,h&r block,0,INCORRECT,1
b000b6n2m6,mavis beacon teaches typing 17 standard,isi researchsoft,encore software,1,INCORRECT,1
b000fovsha,alliance future combat,strategy first,strategy first,0,CORRECT,0
b0009i5sgy,webroot spysweeper antispyware - 3 user,iomega,webroot software,1,INCORRECT,1
b0001na35s,symantec gateway security 300 series 10 ( 10224341 ),dataviz,symantec,1,INCORRECT,1
b0007yepy6,instant home design 3.0 [lb],marvel,topics entertainment,1,INCORRECT,1
b000e5n0mg,hallmark blank greeting cards half-fold matte premium 20 count,laughing bird,nova development,1,INCORRECT,1
b000oziaz8,child safe 3-pc,webroot software,webroot software,0,INCORRECT,1
b0000azk3v,extensis smartscale 1-user ( pxe-11433 ),extensis corporation,extensis corporation,0,CORRECT,0
b0000swrmq,lotus dev. ws bus int monitor v4.2.4-multi plat mp eng ( af04mna ),lotus development corp,lotus development corp,0,CORRECT,0
b000bc38o2,media studio for psp standard editon,encore software,encore software,0,CORRECT,0
b0001nm7zm,entertainment partners budgeting (mac),entertainment partners,entertainment partners,0,CORRECT,0
b000tilkpc,global software smart steps 1st grade ( windows macintosh ),panicware,global software,1,INCORRECT,1
b000evo8h6,student home learning system for pc/mac,fogware publishing,fogware publishing,0,CORRECT,0
b00007eegy,mariner calc speadsheet (mac),absolute software,mariner software,1,INCORRECT,1
b000ndibnc,adobe creative suite cs3 design standard upsell [mac],sony creative software,adobe,1,INCORRECT,1
b000aoz7ko,sony sound forge audio studio 8,prosoft engineering,sony pictures digital entertainment,1,INCORRECT,1
b00014tct0,microsoft upg win small business svr cal ( t74-01215 ),yamaha,microsoft corporation,1,INCORRECT,1
b00069e7ko,adobe acrobat 7.0 professional,adobe,adobe,0,CORRECT,0
b0000afwwl,adobe acrobat capture 3.0 ( 22101258 ),total training,adobe,1,INCORRECT,1
b000k6crb4,steinberg cubase 4 digital audio software,steinberg,steinberg,0,CORRECT,0
b000bcicxy,vivaldi's musical adventure pod,fogware publishing,fogware publishing,0,CORRECT,0
b000nkj29c,finale allegro 2007,jian inc.,finale,1,INCORRECT,1
b000ndo7n0,video patrol 5.0 by honest technology,global marketing partners,global marketing partners,0,INCORRECT,1
b000pgs3cq,apple final cut studio 2 upgrade from final cut pro (mac),apple,apple,0,CORRECT,0
b000exu99k,jumpstart advanced preschool v2.0,knowledge adventure,knowledge adventure,0,CORRECT,0
b000pg7ha0,creating keepsakes scrapbook platinum v.3 sb cs by riverdeep,humongous entertainment,encore software,1,INCORRECT,1
b000az841m,wasp bar code - wasp bar code labeler - complete package - 3 users - std - cd -,wasp technologies,wasp technologies,0,CORRECT,0
b000jx5nm8,audio success suite edition:sales success,topics entertainment,topics entertainment,0,CORRECT,0
b000ijngeu,3 great games for guys,dreamcatcher interactive,dreamcatcher interactive,0,INCORRECT,1
b000k6b3zu,steinberg cubase studio 4,symantec - media,steinberg,1,INCORRECT,1
b000ep8oju,cosmi rom03558 print perfect clip art deluxe,cosmi,cosmi,0,CORRECT,0
b000bnb72g,movies on psp,x-oom,x-oom,0,INCORRECT,1
b00005wf9v,swat 4: special weapons and tactics,vivendi universal,vivendi universal,0,CORRECT,0
b000h11f9c,zoo tycoon 2: marine mania expansion,nuance academic,microsoft,1,INCORRECT,1
b000h16p9w,quicken 2007 deluxe,graphics simulations corporation,intuit,1,INCORRECT,1
b000qfqa1w,encyclopedia britannica deluxe 2008 win/mac,school zone interactive,avanquest,1,INCORRECT,1
b000ivhozk,instant immersion language lab deluxe edition,topics entertainment,topics entertainment,0,CORRECT,0
b000iw5kv4,cakewalk sonar 6 producer ed,cakewalk,cakewalk,0,CORRECT,0
b000fzxipo,classification & ecology (win/mac) (jewel case),cisco systems - enterprise,fogware publishing,1,INCORRECT,1
b000gamysk,emedia guitarpro 5 win/mac,eagle games,emedia,1,INCORRECT,1
b00009nfc1,marine aquarium 2.0 (mac),digital leisure inc.,encore,1,CORRECT,0
b000pg8kxs,the print shop elements: labels & logos sb cs by the print shop,encore software,encore software,0,CORRECT,0
b000lxdrjm,pro digital frame bundle 1u,onone software,onone software,0,INCORRECT,1
b00073flao,sonicwall comprehensive gateway security suite - 1 year upgrade plan ( 01-ssc-5845 ),school zone interactive,sonic systems inc.,1,INCORRECT,1
b000coxs30,procurve mobility manager 1.0 is a plug-in module for procurve manager plus 2.0,disney interactive,hewlett packard,1,INCORRECT,1
b000fcyts2,zend studio 5.1 (win/mac),zend technologies inc.,zend technologies inc.,0,CORRECT,0
b00081i6ji,adobe photoshop cs2 (mac) [old version],individual software,adobe,1,INCORRECT,1
b000j00xeo,intervideo dvd copy 5 express,magix entertainment,corel,1,INCORRECT,1
b000fn6c2c,pinnacle mobile media converter,pinnacle,pinnacle,0,CORRECT,0
b000h5fo8g,vegas 6 for pc,global software,sony pictures home entertainment,1,INCORRECT,1
b000gr1ceu,3d home architect home v.8 by encore software,encore software,encore software,0,CORRECT,0
b0006aao96,miraizon cinematize 2 (mac),miraizon,miraizon,0,CORRECT,0
b000ndibci,adobe indesign cs3 [mac],efrontier,adobe,1,INCORRECT,1
b000hctyto,microsoft windows vista ultimate upgrade [dvd],eurotalk interactive,microsoft,1,INCORRECT,1
b000ndibri,adobe creative suite cs3 design premium [mac],adobe,adobe,0,CORRECT,0
b0009afff6,micromat podlock (mac),stamps.com,micromat,1,INCORRECT,1
b000v7rij8,my guitar,emedia,emedia,0,CORRECT,0
b000dinb4g,coreldraw graphics suite x3 upgrade,topware interactive,corel,1,INCORRECT,1
b000az16r6,mobileinventory additional mobile license,wasp technologies,wasp technologies,0,CORRECT,0
b000300guq,netmanage onweb web-to-host - ( v. 5.1 ) - upgrade license ( 910443-004 ),findex.com inc,netmanage,1,CORRECT,0
b000e8jlbc,adobe encore dvd 2.0,nuance,adobe,1,INCORRECT,1
b000eu10wi,phase one capture one pro win/mac,electronic arts,phase one,1,INCORRECT,1
b000pdomn8,ulead videostudio 11,power production,corel,1,INCORRECT,1
b000gcgqd2,marketcircle daylite v3.0 (mac),csdc,csdc,0,INCORRECT,1
b0001av65w,ideasoft photo clip art 10 000,kensington technology group,nova development,1,INCORRECT,1
b0001h9l5m,corel wordperfect office 12 standard upgrade,corel,corel,0,CORRECT,0
b000hlp64w,human body 360,intervideo,megasystems,1,INCORRECT,1
b00004ochj,punch! ultimate deck and landscape,red mile,punch! software,1,CORRECT,0
b000szyqam,make music allegro 2007 labpack - 5 user,makemusic!,makemusic!,0,CORRECT,0
b000sqnbp2,family tree maker 2008 platinum,csdc,encore,1,INCORRECT,1
b000qv5xqy,buku karkuro,whiptail,topware interactive,1,INCORRECT,1
b000h16p9m,quicken 2007 basic,intuit,intuit,0,CORRECT,0
b000pienka,weekly reader mastering high school 2008,fogware publishing,fogware publishing,0,INCORRECT,1
b000hlt5j4,designcad v 17,imsi,imsi,0,CORRECT,0
b0002uhuii,encore the big box of art 410 000 ( 460001 ),encore software,encore software,0,CORRECT,0
b000h5ex7e,world of warcraft pc,vivendi,vivendi,0,INCORRECT,1
b000eavbrw,library expansion option-upg,nuance communications inc.,novastor corporation,1,CORRECT,0
b000v7pf3o,xtreme photostory on cd and dvd 6,interplay,magix entertainment,1,INCORRECT,1
b000098xjo,custom landdesigner 3d design 7.0,sierra on-line,sierra on-line,0,INCORRECT,1
b000qctqne,mindjet mindmanager 7 mac single license,microspot ltd.,mindjet,1,INCORRECT,1
b00009l1hv,appleworks 6.2.9,oxford university press,apple,1,INCORRECT,1
b000fc4du6,upgrade acid pro 6 boxed,sony pictures digital entertainment,sony pictures digital entertainment,0,INCORRECT,1
b000qxd2tc,onone genuine fractals 5 - full 1u,adobe systems,onone software,1,INCORRECT,1
b000qxd2tm,genuine fractals print pro 5 1u,abacus,onone software,1,INCORRECT,1
b000hhvb5e,scrabble with bonus clue,aspyr media,encore,1,INCORRECT,1
b000gcgqvy,snap! kakuro,core learning,topics entertainment,1,CORRECT,0
b00006j02n,matchbox cross-town heroes,intego,thq,1,INCORRECT,1
b000o27rgy,adobe soundbooth cs3,adobe,adobe,0,CORRECT,0
b000bawkpm,microsoft visual studio team edition for software developers 2005 with msdn premium,prosoft engineering,microsoft,1,INCORRECT,1
b00009apna,the printshop 20 professional publisher,topics entertainment,broderbund,1,CORRECT,0
b000nwsclo,photoshop elements 5 and premiere elements 3 bundle win minibox (29180248),adobe,adobe,0,CORRECT,0
b0007sxgn8,varmint hunter (jewel case),victory multimedia,encore,1,CORRECT,0
b000jx5ppi,photo go,sony media software,sony media software,0,CORRECT,0
b0001an1n2,adobe pagemaker v7.0.2 cd mac-upg ( 17530402 ),adobe,adobe,0,CORRECT,0
b00004vx3p,easy drums (jewel case),arcmedia,arcmedia,0,CORRECT,0
b000m2yc32,microsoft onenote 2007 upgrade,arcmedia,microsoft,1,INCORRECT,1
b000aoz7hw,evergirl,thq,thq,0,INCORRECT,1
b0007lw23a,apple iwork '06 (mac dvd),apple,apple,0,CORRECT,0
b000enucs8,punch! master landscape professional & home design v 10.0,punch! software,punch! software,0,CORRECT,0
b0007yepx2,instant immersion german v2.0 (pc & mac),crystalgraphics,topics entertainment,1,INCORRECT,1
b000bndghk,hallmark card studio 2006,computer associates international,sierra home,1,INCORRECT,1
b000aoz7jk,net ad creator,laughing bird,laughing bird,0,CORRECT,0
b000ndemb2,f-secure internet security 2007 - 3 pcs,global marketing partners,global marketing partners,0,INCORRECT,1
b000saufpw,dk amazing animals 1.1,extensis,global software publishing,1,INCORRECT,1
b0002i6l7g,sibelius 4 professional edition,sibelius software ltd.,sibelius software ltd.,0,CORRECT,0
b00008ajjc,passwords plus 1.0,smith micro software,dataviz,1,INCORRECT,1
b0002tpg1w,persoft upg smarterm office v12.1 ( 73098 ),persoft,persoft,0,CORRECT,0
b000pijszk,usa/world extreme landscapes bundle,imsi design,abacus,1,CORRECT,0
b000etyt5o,ares rising,interplay,interplay,0,CORRECT,0
b000ndic9a,adobe creative suite cs3 web standard upsell,adobe,adobe,0,CORRECT,0
b0007ly3zu,burning monkey mahjongg (mac),digital leisure inc.,freeverse software,1,CORRECT,0
b0002wt64m,g7 kontakt edition,sibelius software ltd.,sibelius software ltd.,0,INCORRECT,1
b000e136ga,portfolio 8 stand-alone 1-usr boxed,thq,extensis,1,INCORRECT,1
b00008wiww,snap! spelling (jewel case),school zone interactive,topics entertainment,1,CORRECT,0
b000e15nhk,sony vegas 6 + dvd [old version],edmark,sony pictures digital entertainment,1,INCORRECT,1
b0006nkbn2,hp dss software - ( v. 4.0 ) - complete package ( t1936aa ua0 ),iomega,hewlett packard (consumables),1,INCORRECT,1
b000ndib7s,adobe photoshop cs3 upgrade [mac],global software publishing north america inc,adobe,1,INCORRECT,1
b0002ip4lu,test and improve your memory (dvd box),tri synergy,tri synergy,0,CORRECT,0
b00005op44,microsoft data analyzer 2002,microsoft,microsoft,0,CORRECT,0
b0006513tg,ipswitch inc ws ftp pro 9 sdk w/ ws ftp pro ( wd-1000-0900 ),ipswitch inc,ipswitch inc,0,CORRECT,0
b000ndid4y,adobe dreamweaver cs3 upgrade,smith micro software,adobe,1,INCORRECT,1
b00007e8d4,multiplication and division grades 3-4,school zone,school zone,0,CORRECT,0
b000f7bps4,palo alto marketing plan pro 9.0,palo alto software,palo alto software,0,CORRECT,0
b000b6n2o4,webroot spy sweeper antispyware 5.x,webroot software,webroot software,0,CORRECT,0
b000rsk7k8,ufo afterlight,topware interactive,topware interactive,0,CORRECT,0
b000m9c70k,spring cleaning 9.0 for mac os 10.4 & above,aladdin systems,aladdin systems,0,CORRECT,0
b000exw510,jumpstart advanced 2nd grade v2.0,knowledge adventure,knowledge adventure,0,CORRECT,0
b000ej9w0q,adobe photoshop elements 4.0 (mac),bias,adobe,1,INCORRECT,1
b000fzz73u,the universe (win/mac) (jewel case),nero inc.,fogware publishing,1,INCORRECT,1
b00076ywj2,eovia carrara 4 pro win/mac,imagination international corp,eovia corporation,1,CORRECT,0
b000j588g4,photo explosion 3.0,nova development,nova development,0,CORRECT,0
b000jgw9ae,sony psp media manager,destineer publishing,sony computer entertainment,1,INCORRECT,1
b000ovft92,riverdeep the print shop zoom dvd,riverdeep,riverdeep,0,CORRECT,0
b000jx1on0,safekeeper plus,adaptec,bling,1,INCORRECT,1
b000tme1ke,mcafee virusscan plus - 3 user,namo,mcafee,1,INCORRECT,1
b000fjsa2g,40 years of the avengers,symantec corporation.,git corp,1,INCORRECT,1
b000ap0h94,kids power fun for little ones,topics entertainment,topics entertainment,0,CORRECT,0
b000mg2kpk,lightroom 1 mlp retail ue 1u,adobe,adobe,0,CORRECT,0
b000o39qoo,westward,imagination international,encore software,1,INCORRECT,1
b000hctysa,microsoft windows vista business full version [dvd],microsoft,microsoft,0,CORRECT,0
b000hcqqmc,galaxy of games 5000,2k games,2k games,0,INCORRECT,1
b000gkli0a,hoyle card games 2007,encore software,encore software,0,CORRECT,0
b000k7vinq,intervideo windvd 8 platinum,corel,corel,0,INCORRECT,1
b000hpjgw6,pc hoyle jewels: swap & drop it,encore software,encore software,0,CORRECT,0
b000162zq0,emedia bass method win/mac,emedia,emedia,0,CORRECT,0
b000eavbdq,master server-upg,serious magic,novastor corporation,1,INCORRECT,1
b000v809mk,systemsuite 8 professional,now software,individual software,1,CORRECT,0
b000in34bq,webroot spy sweeper with antivirus family edition - 3 pcs,intego inc,webroot software,1,INCORRECT,1
b00008nruc,instant home cooking (jewel case),topics entertainment,topics entertainment,0,CORRECT,0
b00097alks,cakewalk project5 version 2,ingram micro,cakewalk,1,INCORRECT,1
b000ndibhi,adobe creative suite cs3 web standard upsell [mac],adobe,adobe,0,CORRECT,0
b0000696oh,emedia intermediate guitar method win/mac,emedia,emedia,0,CORRECT,0
b00070j14y,super solvers - spellbound! ! - school edition for mac,learning company,learning company,0,CORRECT,0
b000fem8ew,learn2 training for microsoft excel,topics entertainment - software (consignment),topics entertainment - software (consignment),0,CORRECT,0
b000in6tnq,liquid ledger personal finance,united developers,csdc,1,CORRECT,0
b0009hmx36,procurve vpn client software unlimited client licenses,hewlett packard,hewlett packard,0,CORRECT,0
b000bwzxk4,apple garageband jam pack: world music,kensington,apple,1,INCORRECT,1
b0001wn0li,microsoft powerpoint 2004 upgrade (mac),microsoft,microsoft,0,CORRECT,0
b0009gd0km,ibm viavoice advanced v.10,adobe software,nuance communications inc.,1,INCORRECT,1
b00009vrfk,math missions: the amazing arcade adventure grades 3-5,scholastic,scholastic,0,CORRECT,0
b000frqfe8,macjournal v4 (mac),csdc,csdc,0,INCORRECT,1
b000in4uak,panda internet security 2007 3-user,apple,panda software,1,INCORRECT,1
b000bckmaa,stationery design studio,mobi,summit software,1,CORRECT,0
b000hvtk9e,1pk internet sec ste 2007 oem,ca - oem,ca - oem,0,CORRECT,0
b000i2y0cy,norton antivirus 2007,symantec - media,symantec,1,CORRECT,0
b000h241x8,chicken hunter wanted jc,encore,encore,0,INCORRECT,1
b000jqv8t2,red hat enterprise linux ws - ( v. 4 update 4 ) - license - 1 workstation ( rl296aa ),lenovo,hewlett packard,1,INCORRECT,1
b000ea9u2a,modeless liquid ledger personal finance software (mac),megasystems,csdc,1,CORRECT,0
b0000dbmhr,kensington contour pro 17 notebook carrying case (62340),kensington,kensington,0,CORRECT,0
b000hlp5wa,hoyle bridge club,nolo press,encore,1,INCORRECT,1
b0007l9ecw,canopus 77010158100 let's edit,canopus,canopus,0,CORRECT,0
b00023azve,family tree maker 11.2 collector's edition,encore,encore,0,CORRECT,0
b000e8jlbw,adobe production studio premium,adobe,adobe,0,CORRECT,0
b000j54pac,photo explosion deluxe 3.0,nova development,nova development,0,CORRECT,0
b00004s61f,watchguard mobile user vpn 5 user bundle ( wg3605 ),sos aggregation,watchguard technologies inc,1,INCORRECT,1
b00019tb00,final cut express 2.0 upgrade,apple computer,apple computer,0,CORRECT,0
b0000ycfdq,dinosaurs,topics entertainment,topics entertainment,0,CORRECT,0
b000he4riu,mcafee virusscan plus 2007,digital leisure inc.,mcafee,1,INCORRECT,1
b000gaoxgg,upgrade terminal emulation software 2006 with media 1u,esker,esker,0,CORRECT,0
b000e8jlda,adobe premiere pro 2.0,sony pictures home entertainment,adobe,1,INCORRECT,1
b000o27qfq,adobe creative suite cs3 design standard upgrade [mac],adobe,adobe,0,CORRECT,0
1931102953,instant immersion american sign language win/mac,iplaymusic,topics entertainment,1,INCORRECT,1
b000b6oboo,chicken hunter: license to grill - the great poultry race,mysoftware company,encore,1,INCORRECT,1
b000059s6t,watchguard license wg vpn upgrade from 4 to 10 (wg4110),punch! software,watchguard license,1,INCORRECT,1
b000axs7vg,superstart! science arcade,selectsoft publishing,selectsoft publishing,0,CORRECT,0
b000o3ek2m,elementary advantage 2008,encore software,encore software,0,CORRECT,0
b0002x9a1u,railroad tycoon 3 (mac),ingram micro,macsoft,1,INCORRECT,1
b000ju9ndq,diskeepeer 2007 admin upgrade sngl lic pack,diskeeper corporation,diskeeper corporation,0,CORRECT,0
b000aa87pu,art explosion t-shirt factory deluxe 3.0,veritas,nova development,1,CORRECT,0
b000g1gaac,big oil: build an oil empire,tri synergy,tri synergy,0,CORRECT,0
b000bx0006,apple mac os x tiger 10.4.6 family pack (mac),fujitsu imaging,apple computer,1,INCORRECT,1
b000aqadlu,real arcade: adventure inlay,global software publishing,activision,1,INCORRECT,1
b0002z8a1o,dance 6,digital leisure inc.,digital leisure inc.,0,CORRECT,0
b000btac30,enteractive fps creator ( windows ),enteractive inc.,enteractive inc.,0,CORRECT,0
b000kmehha,podmaxx '07,macsoft,bling,1,INCORRECT,1
b000ofnrhy,adobe premiere pro cs3,adobe,adobe,0,CORRECT,0
b000ofnri8,adobe creative suite cs3 production premium upgrade,m and r technologies,adobe,1,INCORRECT,1
b000b676fa,riding academy: jump & ride,viva media,viva media,0,CORRECT,0
b00070j13a,bodyworks 6.0 25-user building site license,riverdeep,learning company,1,INCORRECT,1
b000jiqlxi,panda antivirus 2007,absolute software,panda software,1,INCORRECT,1
b000fqvxge,scansoft paperport professional 11 - 5 user license,nuance communications inc.,nuance communications inc.,0,CORRECT,0
b00032hexq,national geographic presents: forces of nature,intego,topics entertainment,1,INCORRECT,1
b000bnjmnc,professor fuji's sudoku (jewel case),encore software,encore software,0,CORRECT,0
b0006g31i6,microsoft licenses win svr 2003 ext conn lic (r3900292),steinberg,microsoft licenses,1,INCORRECT,1
b000jywfq4,softgrid cal for ts 4.1 english mlp 20 user cal,microsoft,microsoft,0,CORRECT,0
b0002yitti,er,vivendi universal,vivendi universal,0,INCORRECT,1
b000q1pyv8,instant play guitar deluxe v2.,topics entertainment,topics entertainment,0,CORRECT,0
b000i5wcp8,american idol extreme music creator,sony media,sony media,0,INCORRECT,1
b000090179,power on now up to date & contact windows,power on software,power on software,0,CORRECT,0
b000fnevhk,cell phone software solution,pantone inc.,susteen,1,INCORRECT,1
b000bcdrdo,scholastic brain play: pre-kindergarten - 1st grade,topics entertainment,topics entertainment,0,INCORRECT,1
b000636jii,victorymul submitwolf version 6.0 ( swolf6r ),watchguard license,victory multimedia,1,INCORRECT,1
b00009v7hf,pcanywhere 11.0 host only cd-rom xp 98 nt w2k me,symantec,symantec,0,CORRECT,0
b000hl1eie,power production storyboard quick,power production,power production,0,CORRECT,0
b000ndick4,adobe creative suite cs3 design premium upsell,corel,adobe,1,INCORRECT,1
b000kn7dde,microsoft windows live onecare 1.5 online pc care subscription [12 months],nuance,microsoft,1,INCORRECT,1
b000mvp5i4,captain america the complete comic collection win/mac,git corp,git corp,0,INCORRECT,1
b000he35ss,mcafee internet security suite 2007 - 3 users,mcafee,mcafee,0,CORRECT,0
b0001ghg64,datapilot cell phone data transfer suite universal,sierra home,susteen,1,INCORRECT,1
b000ivhlgc,clickart 1.2 million 2006 dvd,adobe software,encore software,1,INCORRECT,1
b000070ilx,detto move2mac usb,lotus development corp,detto technologies inc,1,INCORRECT,1
b000exu9ay,print explosion deluxe 3.0 (mac),nova development,nova development,0,CORRECT,0
b0009yx9be,aquarium 3 in 1 collection - limited edition for win/mac,encore software,encore software,0,CORRECT,0
b000mu6mve,micromat protogo,the learning company,micromat,1,INCORRECT,1
b000bojyc0,cadopia 6 standard edition by cadopia,selectmedia entertainment,global marketing partners,1,INCORRECT,1
b000jgf410,money premium 2007 win32 eng na mini box us only cd,microsoft,microsoft,0,CORRECT,0
b000epcfz4,perfect attorney premium,cosmi corporation,cosmi corporation,0,CORRECT,0
b000ndibl4,adobe creative suite cs3 master collection upsell,adobe,adobe,0,CORRECT,0
b000b3z2zo,sibelius 4 educational edition,nuance communications inc.,sibelius software ltd.,1,INCORRECT,1
b0000cg4gt,small business server 2003 20u cal addpak user,microsoft,microsoft,0,CORRECT,0
b000g3mer8,iplaymusic beginner guitar lessons for the mac and ipod,iplaymusic,iplaymusic,0,CORRECT,0
b0000vmimw,leave the lights on (mac),aspyr media,aspyr media,0,CORRECT,0
b0002x1omi,allume boost xp for windows,punch! software,smith micro software,1,INCORRECT,1
b000hhvbdq,monopoly tycoon,encore,encore,0,CORRECT,0
b000ep3gei,command and conquer generals deluxe dvd-rom (mac),aspyr media,aspyr media,0,CORRECT,0
b0008ews9o,instant immersion french 2.0,topics entertainment,topics entertainment,0,CORRECT,0
b0009jgv50,john deere: busy days in deerfield valley,destineer publishing,destineer publishing,0,INCORRECT,1
b000230e4m,recam remote monitoring software,microspot ltd.,mobi technologies inc.,1,CORRECT,0
b000cp4ja0,network now! pro by encore,encore software,encore software,0,CORRECT,0
b000h6d2do,gsp crossword addict,global software publishing north america inc,global software publishing north america inc,0,CORRECT,0
b000hjqyc2,roxio easy media creator 9,ca - oem,roxio,1,INCORRECT,1
b0008glghc,apple garageband jam pack: remix tools,apple,apple,0,CORRECT,0
b0002bqqtq,my maillist & addressbook,kensington technology group,mysoftware company,1,INCORRECT,1
b000jx3mx0,spycatcher 2007for pc,core learning,avanquest,1,INCORRECT,1
b000bwzy7q,world of warcraft expansion: burning crusade,blizzard entertainment,blizzard entertainment,0,CORRECT,0
b000bu7u48,dance praise with dance pad (win/mac),simply put software llc,digital praise,1,CORRECT,0
b000hbvvka,quickbooks point-of-sale pro with hardware bundle 6.0,intuit,intuit,0,CORRECT,0
b000bi7uqs,espro + interpretair s/w,marvel,fluke networks,1,INCORRECT,1
b00029bosq,mighty math number heroes,edmark,edmark,0,CORRECT,0
b000kmaa8a,visual thesaurus the - thinkmap inc.,eurotalk,csdc,1,INCORRECT,1
b000e99ud0,ibm rational clearcase lt - ( v. 6.0.0 ) - media - vol - passport passport adva,cosmi,ibm,1,INCORRECT,1
b000cqnjim,is3 stopzilla 4.0 [stop spyware pop-ups id theft],sony media,roxio,1,INCORRECT,1
b0001g6u98,retrospect 6.0 desktop mac upgrade,dantz,dantz,0,INCORRECT,1
b0001bfdau,soundtrack 1.2,apple,apple,0,INCORRECT,1
b000ndible,adobe creative suite cs3 design standard [mac],adobe,adobe,0,CORRECT,0
b0007q7mg2,netmanage upg rumba unix-hp edition level ( 902453-007-c ),netmanage,netmanage,0,CORRECT,0
b000k2pa3a,h&r block taxcut 2006 premium federal + state with usb 256m flashdrive,lotus development corp,h&r block,1,INCORRECT,1
b000h27psq,hoyle casino 2007,encore,encore,0,INCORRECT,1
b000j6ddrw,faxstf pro mac os 10.3.9 or above,mcafee,aladdin systems,1,INCORRECT,1
b0007prnjo,paper art: gift wrapping,red mile,arc media inc.,1,CORRECT,0
b0001gu7g0,red hat entprse linux as 3 amd ( rhf0211us ),red hat software,red hat software,0,CORRECT,0
b0009yn1rq,hoyle board games,encore,encore,0,CORRECT,0
b0009y6ewu,elementary success deluxe 2006 (dw dvd),software cinema,topics entertainment,1,INCORRECT,1
b000h25yse,state standards - grade 6,topics entertainment,topics entertainment,0,INCORRECT,1
b000bt7frg,microsoft visual studio professional w/msdn professional 2005 renewal,microsoft software,microsoft software,0,CORRECT,0
b000gsa7wc,wacky bird hunter,synet electronics inc.,selectsoft publishing,1,INCORRECT,1
b000bnkbdm,sound studio 3: record edit add effects to audio (mac),magellan,freeverse software,1,INCORRECT,1
b000kmehfw,123 movies 2 ipod w/ av cables umd size,bling,bling,0,INCORRECT,1
b000hed3fi,the print shop 22 deluxe sb cs by the print shop,encore software,encore software,0,CORRECT,0
b000mgo1r0,gorilla 4 pro,jungle software,jungle software,0,CORRECT,0
b000gb0m7y,peachtree by sage pro accounting 2007,feral interactive,sage software,1,INCORRECT,1
b000bs5icq,diner dash (pc & mac),fogware publishing,brighter minds,1,INCORRECT,1
b000m6wlyk,game of life jc,efrontier,encore,1,INCORRECT,1
b0006g2vk0,microsoft licenses word olp c (05903871),onone software,microsoft licenses,1,INCORRECT,1
b000bta4k6,microsoft crm professional cal 3.0 product upgrade license pack user cal,global software publ na,microsoft software,1,INCORRECT,1
b000088nqp,post mortem,dreamcatcher interactive,dreamcatcher interactive,0,INCORRECT,1
b000crx79w,ubi soft star wars activity center ( windows ),ubi soft,ubi soft,0,CORRECT,0
b000hi1i9c,scrabble champion edition,m-audio,encore,1,INCORRECT,1
b000hbvvg4,quickbooks pro 2007 small business financial software,abacus software,intuit,1,INCORRECT,1
b000ub6avc,adobe cs3 design standard macosx dvd,x-oom,adobe,1,INCORRECT,1
b000bgpqr0,instant immersion german deluxe 2.0,topics entertainment,topics entertainment,0,CORRECT,0
b000j588ge,photo objects 150 000 for macintosh,nova development,nova development,0,CORRECT,0
b00094oszk,microspot x-rip (mac),microspot ltd,microspot ltd,0,CORRECT,0
b0000ycfdg,simple movie maker,topics entertainment,topics entertainment,0,CORRECT,0
b000e3fn4g,onone software pxl smartscale ( windows and macintosh ),autodesk,onone software,1,INCORRECT,1
b000nknb62,pc cillin internet sec 2007 lics large box 3u,eagle games,trend micro,1,INCORRECT,1
b00007e8bi,oxford world encyclopedia,tri synergy,tri synergy,0,INCORRECT,1
b000krd3bq,photoshop elements 4 mac retail eng 1u (19230169),adobe,adobe,0,CORRECT,0
b000ldqs9s,micromat techtool protege with firewire device,electronic arts,micromat,1,INCORRECT,1
b000787g6q,serious magic visual communicator 2.0 web,serious magic,serious magic,0,CORRECT,0
b0009nr9mu,wisdom of the bible - holy land edition,microsoft,hip interactive,1,INCORRECT,1
b000mz7c36,cakewalk sonar home studio 6 xl,fogware publishing,cakewalk,1,INCORRECT,1
b000040p1z,sonicwall internet upgrade (50-node),sonicwall,sonicwall,0,CORRECT,0
b00005ld1r,model web publisher 3.5.2 .,computer associates international,computer associates international,0,INCORRECT,1
b000ic4f1u,let's learn about time & date,entertainment partners,selectsoft publishing,1,INCORRECT,1
b000bcgf9m,gsp greatest moments of our time,autodesk m & e box,global software publishing north america inc,1,INCORRECT,1
b0009jhv5e,cook'n low fat,dvo enterprises,dvo enterprises,0,CORRECT,0
b000042olp,details 3.0,acclaim,aec software,1,INCORRECT,1
b000hjott2,hoyle 4-pack 2006,power on software,encore software,1,INCORRECT,1
b00009k780,wingnuts 2 (mac),steinberg media technologies,freeverse software,1,INCORRECT,1
b000099sie,cosmi talking math & more for kids (windows),cosmi,cosmi,0,CORRECT,0
b0001gu7di,mavis beacon teaches typing deluxe 16,epson,broderbund,1,INCORRECT,1
b000hcz8gc,microsoft visio standard 2007,enteractive inc.,microsoft,1,INCORRECT,1
b000k2nkua,h&r block taxcut 2006 premium federal + state + efile,h&r block,h&r block,0,CORRECT,0
b000088ner,webobjects 5.2,apple,apple,0,CORRECT,0
b000hcvr1m,microsoft office excel 2007,phase one,microsoft,1,INCORRECT,1
b000h2421o,quicken legal business pro 2007,nolo press,nolo press,0,INCORRECT,1
b000fzz730,english - literature basics (win/mac) (jewel case),fogware publishing,fogware publishing,0,CORRECT,0
b000c55alw,virusbarrier x4 10.4 for mac-10 users,intego,intego,0,CORRECT,0
b000o8g7z0,riverdeep spongebob squarepants typing fun,emedia music,riverdeep,1,INCORRECT,1
b000hlt4y0,adobe premiere elements 3.0,boomerang,adobe,1,INCORRECT,1
b000nkpf7k,aircraft collector's second edition,abacus,abacus,0,CORRECT,0
b00062uji0,land before time: kindergarten,alsoft,brighter minds media inc.,1,INCORRECT,1
b000mgvnks,gorilla 4 standard,jungle software,jungle software,0,INCORRECT,1
b000ndibjq,adobe creative suite cs3 master collection [mac],aladdin systems,adobe,1,INCORRECT,1
b000h5j4ka,pc vegas dvd,serious magic,sony pictures home entertainment,1,CORRECT,0
b000ozhfsq,tlc dr. seuss reading learning system 2008,imsi,encore,1,INCORRECT,1
b0002bqrq8,smart steps 4th grade,dorling kindersley multimedia (dk),dorling kindersley multimedia (dk),0,CORRECT,0
b000rw9md2,sibelius 5 professional edition,computer associates international,sibelius software ltd.,1,INCORRECT,1
b00004t2un,sales skills 2.0 ages 10+,victory multimedia,victory multimedia,0,CORRECT,0
b000bx5ggy,apple shake 4.1 visual effects (mac),chronos l.c.,apple computer,1,INCORRECT,1
b000flhxky,dk rainbow fish most beautiful fish,dk,dk,0,CORRECT,0
b00065hjvc,solitaire antics deluxe,masque publishing,masque publishing,0,CORRECT,0
b000fowht8,printmaster 17 platinum by encore software,encore software,encore software,0,CORRECT,0
b000ndib82,illustrator cs3 13 mac ed 1u,marware,adobe education box,1,INCORRECT,1
b0000azvvs,notetaker 1.5,aquaminds,aquaminds,0,CORRECT,0
b00024wjrq,best of slots 2 (jewel case),epson,masque publishing,1,INCORRECT,1
b000qs8n64,total training for adobe creative suite 3: design premium bundle,total training,total training,0,CORRECT,0
b000ndib8m,adobe illustrator cs3 [mac],adobe,adobe,0,CORRECT,0
b0002iwyke,ford racing 2 (mac),software cinema,feral interactive,1,INCORRECT,1
b00004tj14,adobe acrobat capture 100 000 page pack,adobe,adobe,0,CORRECT,0
b000om8fba,corel dvd moviefactory 6.0,ncsoft,corel,1,INCORRECT,1
b0002fgfiy,didi & ditto: kindergarten win/mac,sonicwall,kutoka,1,INCORRECT,1
b000ra5bl6,jewels of cleopatra,encore software,encore software,0,CORRECT,0
b0002dlrru,instant immersion italian platinum,topics entertainment,topics entertainment,0,CORRECT,0
b00026s6da,talk now! learn dutch,eurotalk interactive,eurotalk interactive,0,CORRECT,0
b000pihtec,weekly reader preparing for kindergarten,imagination international,fogware publishing,1,CORRECT,0
b000a7q6n8,now up-to-date & contact v5.0 (mac),dk,now software,1,CORRECT,0
b000e65hki,punch! home design architectural series 4000 v10,punch! software,punch! software,0,CORRECT,0
b000etjjae,call of duty 2 dvd-rom (mac),aspyr media,aspyr media,0,CORRECT,0
b0001xnkp8,final draft 7/syd field's screenwriting workshop dvd bundle,final draft,final draft,0,CORRECT,0
b000j00xf8,intervideo dvd copy 5 platinum,corel,corel,0,INCORRECT,1
b000ggmbhi,world of wild cats,panicware,arc media inc.,1,INCORRECT,1
b000egwc42,microsoft office & windows training,majesco entertainment,topics entertainment,1,INCORRECT,1
b000ndibbo,adobe indesign cs3 upgrade from pagemaker [mac],adobe,adobe,0,CORRECT,0
b0000aka82,studyworks! teaching pro: middle school math & science (win/mac),iplaymusic,global software publishing,1,INCORRECT,1
b000fhgu6q,media kit storage foundation basic lnx v4.1 cpu vol-4 file sys-4,veritas,veritas,0,CORRECT,0
b0001mbatc,black & white platinum pack (mac),feral interactive,feral interactive,0,CORRECT,0
b000a6na6a,winway resume deluxe 11.0 network 10,topics education,nova development,1,INCORRECT,1
b000s604de,art text,kensington technology group,belight software,1,INCORRECT,1
b000io7a9m,brain food games: cranium collection 2006,neso usa,encore,1,CORRECT,0
b000ivkrvs,window washer,webroot software inc,webroot software inc,0,INCORRECT,1
b000phd8ha,steinberg sequel (pc or mac) music creation & performance software,steinberg,steinberg,0,CORRECT,0
b000qfrt4o,professional home design suite platinum,punch! software,punch! software,0,CORRECT,0
b000e8jl7q,adobe after effects 7.0 professional (mac),adobe,adobe,0,CORRECT,0
b00007m5vg,flash action phonics made easy,individual,school zone,1,INCORRECT,1
b000i3g30k,money home & business 2007 win32 eng na mini box us only cd,imsi design,microsoft,1,CORRECT,0
b000nkklwe,casual games pack,egames,egames,0,CORRECT,0
b000ujw3ss,3ds max 9 com new slm,veritas,autodesk m & e box,1,INCORRECT,1
b0002c3vqq,on hand spanish 1-2-3 ( windows ),on hand software,on hand software,0,CORRECT,0
b000ehpzxq,emc retrospect 7.5 svr 1-client windows,brighter minds,dantz,1,INCORRECT,1
b000frs492,kakuro puzzle addict unlimited edition,global software publishing,global software publishing,0,CORRECT,0
b000bypfu0,sharks 2.0,encore software,encore software,0,INCORRECT,1
b0002664gq,crayola first ladies costume maker,h&r block,encore software,1,INCORRECT,1
b000e2d3lc,rome total war gold edition,sega of america inc.,sega of america inc.,0,CORRECT,0
b000hc0lw8,quickbooks pro 2007 for mac (mac),intuit,intuit,0,CORRECT,0
b000h229hi,state standards - grade 8,topics entertainment,topics entertainment,0,INCORRECT,1
b00006oaqv,reader rabbit learn to read phonics pre kindergarten,the learning company,the learning company,0,CORRECT,0
b000bb6f5m,ultimate puzzle games,valusoft,valusoft,0,CORRECT,0
b000o3d9ce,high school advantage 2008,encore,encore,0,CORRECT,0
b000kmcf0g,scratches: directors cut,sonic systems inc.,got game,1,INCORRECT,1
b00007bgty,oxford spanish dictionary,boomerang,tri synergy,1,INCORRECT,1
b0002ibeve,cyberchase adventures: carnival chaos and casablanca quest,brighter minds media inc.,brighter minds media inc.,0,CORRECT,0
b000bhl1r8,microsoft sql server standard edition 2005 64 bit cd/dvd 5 client,microsoft,microsoft,0,CORRECT,0
b000099108,vocabulary puzzles grade 1,magix entertainment,school zone,1,INCORRECT,1
b0006g2wr2,microsoft licenses word mac 10.0 eng govt (d4800369),united developers,microsoft licenses,1,INCORRECT,1
b0001wn1fs,microsoft word 2004 (mac),autodesk psg,microsoft,1,INCORRECT,1
b000ivkrww,window washer,autodesk psg,navarre (software),1,INCORRECT,1
b0000cc75j,cisco 2600xm ser ios ip/fw/ids ( cd26xm-ch= ),encore software,cisco systems - enterprise,1,INCORRECT,1
b000lu9cwg,mozy 3.0,simply put software llc,simply put software llc,0,CORRECT,0
b000k7vio0,intervideo windvd 8 gold,intervideo,intervideo,0,CORRECT,0
b000i84dum,jumpstart world 2nd grade,webroot software inc,knowledge adventure,1,INCORRECT,1
b0000cdvuh,learn to play keyboard (jewel case),victory multimedia,alfred publishing,1,CORRECT,0
b000aa878m,agatha christie: and then there were none,dreamcatcher interactive,dreamcatcher interactive,0,INCORRECT,1
b000bcgfe2,spy sweeper [lb],aspyr media,webroot software,1,INCORRECT,1
b000hkpb3e,zonealarm internet security suite,zone labs,zone labs,0,CORRECT,0
b0000swyw4,sonicwall gms standard edition 10 node license,riverdeep,sonicwall,1,INCORRECT,1
b0007d8r5k,restricted area,sony pictures home entertainment,whiptail,1,INCORRECT,1
b000aaqzpe,namco museum 50th anniversary collection,namco video games,namco video games,0,CORRECT,0
b000he9psc,the print shop 22 pro publisher deluxe sb cs by the print shop,encore software,encore software,0,CORRECT,0
b000hcu7b8,guild wars nightfall,ncsoft,ncsoft,0,CORRECT,0
b000hcmtly,exceed 2007 with 1yr mnt 1u,global software,hummingbird communications,1,CORRECT,0
b000exw524,sims complete,3m,aspyr media,1,INCORRECT,1
b000he39mk,mcafee total protection 2007 - 3 users,mcafee,mcafee,0,CORRECT,0
b000k2t0ou,h&r block taxcut 2006 home & business + state,h&r block,h&r block,0,CORRECT,0
b000ndibtg,adobe creative suite cs3 design premium upsell [mac],aladdin systems,adobe,1,INCORRECT,1
b000h27puo,montage (mac),mariner software,mariner software,0,CORRECT,0
b000bwa1jw,professor fujis sudoku deluxe by encore,encore software,encore software,0,CORRECT,0
b000205lzm,netmanage rumba web as/400 edition ( 910584-001 ),netmanage,netmanage,0,CORRECT,0
b000hcz8gm,microsoft visio standard 2007 version upgrade,motu,microsoft,1,INCORRECT,1
b0008ewsai,instant immersion italian 2.0,laughing bird,topics entertainment,1,INCORRECT,1
b000fzxiou,geometry (win/mac) (jewel case),fogware publishing,fogware publishing,0,CORRECT,0
b00030cbu4,ae painter v9 win/mac box,imagination international corp,corel corp,1,CORRECT,0
b000jvimau,pdf converter 4,magix entertainment,nuance,1,INCORRECT,1
b0001gjc52,cross stitch design studio (jewel case),m and r technologies,m and r technologies,0,CORRECT,0
b000pu7422,sims 2 seasons expansion pack,trend micro,aspyr media,1,INCORRECT,1
b000ias0i6,wacky farm,microspot ltd.,casual arcade,1,INCORRECT,1
b000tilkq6,global software smart steps 2nd grade ( windows macintosh ),global software,global software,0,CORRECT,0
b000nknb44,alien disco safari,encore,encore,0,CORRECT,0
b0008ewsf8,instant immersion spanish 2.0,mumbo jumbo,topics entertainment,1,CORRECT,0
b000067fk7,punch! professional home design suite,macsoft,punch! software,1,INCORRECT,1
b00062vfec,f/a-18 operation iraqi freedom,graphics simulations corporation,graphics simulations corporation,0,CORRECT,0
b000pihtbk,weekly reader mastering elementary/middle school math learning,neso usa,fogware publishing,1,CORRECT,0
b000exs47y,hoyle puzzle & board games,nero inc.,encore software,1,CORRECT,0
b000cco5wa,simply put software gotta sing ( windows/macintosh ),simply put software,simply put software,0,CORRECT,0
b0002um0jm,hp c7130b color laserjet 5550 500-sheet input tray,netgear,hewlett packard,1,INCORRECT,1
b0009i5px0,norton antivirus mac 10.0 (mac),symantec,symantec,0,CORRECT,0
b00099xf0e,synet pc sharing kit(w/17ft usb ext.cable),iplaymusic,synet electronics inc.,1,CORRECT,0
b000bwbu6u,mavis beacon typing 17 (win/mac),encore software,encore software,0,CORRECT,0
b000bckm7i,mavis beacon teaches typing deluxe v17,encore software,encore software,0,CORRECT,0
b000b85aag,iris readiris pro 11.0 (mac),humongous entertainment,i.r.i.s.,1,INCORRECT,1
b000hlt5g2,monopoly here & now,encore,encore,0,INCORRECT,1
b0007sxglk,hoyle solitaire (jewel case),brighter minds,encore,1,INCORRECT,1
b0009n4gx0,timbuktu remote control softwre 2 licenses for windows & mac,netopia,netopia,0,INCORRECT,1
b000edgo2q,44 years of the fantastic four,imsi,git corp,1,INCORRECT,1
b000t53788,sat act and psat 2007 platinum,trend micro,topics entertainment,1,INCORRECT,1
b000ffsgga,route 66 mobile 7 - usa/cdn for windows mobile 5,sega of america inc.,csdc,1,INCORRECT,1
b000gcd73y,snap! hair styler studio,topics entertainment,topics entertainment,0,INCORRECT,1
b000hhvb9k,monopoly here & now,encore,encore,0,INCORRECT,1
b000bndgzw,sudoku puzzle addict,micromat,global software publishing north america inc,1,INCORRECT,1
b00021lrw2,dk rainbow fish most beautiful fish in the ocean,axis communication inc.,encore,1,INCORRECT,1
b000b6n2lw,marine aquarium + sharks,laughing bird,encore software,1,INCORRECT,1
b000bl40dg,x-oom movie clone 3 gold,x-oom,x-oom,0,CORRECT,0
b000ndicuy,adobe fireworks cs3 [mac],fellowes,adobe,1,INCORRECT,1
b00032q1hq,lotus dev. ibm db2 net search extender - ( v. 8.2 ) - media ( bb0kyna ),lotus development corp,lotus development corp,0,CORRECT,0
b000gcd6qc,giggles computer funtime for baby - shapes (win/mac),navarre (software),navarre (software),0,CORRECT,0
b000bgtvbc,instant immersion translator deluxe 2.0,dvo enterprises,topics entertainment,1,CORRECT,0
b000m06st0,upgrade robohelp server 6 win ue 1u,adobe,adobe,0,CORRECT,0
b0009yegcu,instant architect design suite,simply put software llc,imsi design,1,CORRECT,0
b000u1w4us,wavelab studio 6,steinberg media technologies,steinberg media technologies,0,CORRECT,0
b0008glgea,apple iwork '06 family pack (mac dvd) [older version],apple,apple,0,CORRECT,0
b000bt8trg,microsoft visual studio professional 2005 upgrade,microsoft software,microsoft software,0,CORRECT,0
b000bsf1iw,space (dvd) (pc & mac),micromat,fogware publishing,1,INCORRECT,1
b00005auzh,cook'n cd recipe cards,esker,dvo enterprises,1,INCORRECT,1
b0009x6qew,instant immersion italian deluxe v2.0 (large box),adobe software,topics entertainment,1,INCORRECT,1
b000m5ailo,symc ghost solution suite 2.0 media,detto technologies inc,symantec,1,INCORRECT,1
b000g80lqo,peachtree by sage premium accounting for nonprofits 2007,imaginova,sage software,1,INCORRECT,1
b0009y6f0g,instant play electric guitar deluxe,motu,topics entertainment,1,INCORRECT,1
b000ecyp0k,e frontier poser 6 collector's edition with volume 1 figure pack (mac),findex,curious labs inc.,1,INCORRECT,1
b000922deu,valuesoft tune transfer for ipod - software for windows xp,valuesoft,valuesoft,0,CORRECT,0
b000g7wses,peachtree by sage premium accounting for manufacturing 2007 multi user (up to 5 users),sage software,sage software,0,CORRECT,0
b000f4ei40,genuine fractals print pro 4.1 sharpener pro 2.0,onone software,onone software,0,CORRECT,0
b000jx1kgq,starship troopers/first to fight bundle,destineer,destineer,0,CORRECT,0
b000h2can6,finale 2007 academic (win/mac),informatics,emedia,1,INCORRECT,1
b000eplmpi,printmaster gold v 17.0,nova development,nova development,0,CORRECT,0
